,eurogrid_0250_1,pred
0,1kmN3032E5026_11,0.4785057
1,1kmN3032E5026_12,0.29346198
2,1kmN3032E5026_13,0.30752933
3,1kmN3032E5026_14,0.54720974
4,1kmN3032E5026_21,0.29346198
8,1kmN3032E5026_31,0.29346198
9,1kmN3032E5026_34,0.29346198
13,1kmN3032E5027_13,0.29346198
14,1kmN3032E5027_14,0.29346198
15,1kmN3032E5027_31,0.29346198
16,1kmN3032E5027_33,0.30752933
17,1kmN3032E5027_34,0.30752933
18,1kmN3032E5027_41,0.29346198
19,1kmN3032E5027_42,0.46477702
20,1kmN3032E5027_43,0.47568065
21,1kmN3032E5027_44,0.43870062
23,1kmN3032E5032_11,0.6170048
24,1kmN3032E5032_12,0.29346198
25,1kmN3032E5032_13,0.29346198
26,1kmN3032E5032_14,0.29346198
27,1kmN3032E5032_21,0.29346198
28,1kmN3032E5032_41,0.4785057
29,1kmN3032E5032_44,0.30752933
31,1kmN3032E5033_44,0.6170048
36,1kmN3033E5025_11,0.36216596
37,1kmN3033E5025_12,0.36216596
38,1kmN3033E5025_13,0.29346198
39,1kmN3033E5025_14,0.36216596
44,1kmN3033E5025_41,0.29346198
45,1kmN3033E5025_42,0.29346198
46,1kmN3033E5025_43,0.36216596
47,1kmN3033E5025_44,0.29346198
48,1kmN3033E5026_11,0.29346198
49,1kmN3033E5026_12,0.30752933
50,1kmN3033E5026_13,0.36216596
51,1kmN3033E5026_14,0.29346198
52,1kmN3033E5026_21,0.54720974
53,1kmN3033E5026_22,0.49257305
54,1kmN3033E5026_23,0.29346198
55,1kmN3033E5026_24,0.4785057
56,1kmN3033E5026_31,0.4785057
60,1kmN3033E5026_41,0.29346198
61,1kmN3033E5026_42,0.29346198
62,1kmN3033E5026_43,0.29346198
63,1kmN3033E5026_44,0.38824233
65,1kmN3033E5027_12,0.4785057
68,1kmN3033E5027_21,0.49257305
69,1kmN3033E5027_22,0.4785057
70,1kmN3033E5027_23,0.4785057
71,1kmN3033E5027_24,0.30752933
72,1kmN3033E5027_31,0.6135617
73,1kmN3033E5027_32,0.4785057
74,1kmN3033E5027_33,0.29346198
75,1kmN3033E5027_34,0.36216596
77,1kmN3033E5027_42,0.4785057
78,1kmN3033E5027_43,0.3741055
80,1kmN3033E5028_11,0.4785057
81,1kmN3033E5028_12,0.4785057
82,1kmN3033E5028_13,0.49257305
83,1kmN3033E5028_14,0.29346198
84,1kmN3033E5028_21,0.29346198
85,1kmN3033E5028_24,0.29346198
86,1kmN3033E5028_31,0.30752933
87,1kmN3033E5028_33,0.29346198
88,1kmN3033E5028_34,0.30752933
90,1kmN3033E5028_42,1.0106554
91,1kmN3033E5028_43,0.38824233
93,1kmN3033E5029_11,0.36216596
94,1kmN3033E5029_12,0.9272865
95,1kmN3033E5029_13,0.30752933
96,1kmN3033E5029_14,0.29346198
97,1kmN3033E5029_21,0.9272865
98,1kmN3033E5029_24,0.29346198
99,1kmN3033E5029_34,0.29346198
100,1kmN3033E5029_41,0.36216596
101,1kmN3033E5029_42,0.47568065
102,1kmN3033E5029_43,0.46477702
103,1kmN3033E5029_44,0.3741055
105,1kmN3033E5030_12,0.29346198
108,1kmN3033E5030_21,0.29346198
109,1kmN3033E5030_34,0.36216596
112,1kmN3033E5030_43,0.30752933
113,1kmN3033E5030_44,0.36216596
114,1kmN3033E5031_11,0.6092034
115,1kmN3033E5031_12,0.7549317
116,1kmN3033E5031_13,0.9205973
117,1kmN3033E5031_14,0.47568065
118,1kmN3033E5031_21,0.54720974
119,1kmN3033E5031_22,0.6170048
120,1kmN3033E5031_23,0.29346198
121,1kmN3033E5031_24,0.30752933
122,1kmN3033E5031_31,0.30752933
126,1kmN3033E5031_41,0.47568065
127,1kmN3033E5031_42,0.46715912
128,1kmN3033E5031_43,0.29346198
129,1kmN3033E5031_44,0.30752933
130,1kmN3033E5032_11,0.3741055
131,1kmN3033E5032_12,0.29346198
132,1kmN3033E5032_13,0.30752933
133,1kmN3033E5032_14,0.29346198
134,1kmN3033E5032_21,0.49257305
135,1kmN3033E5032_22,0.4785057
137,1kmN3033E5032_24,0.29346198
138,1kmN3033E5032_31,0.54720974
139,1kmN3033E5032_32,0.4785057
140,1kmN3033E5032_33,0.54720974
141,1kmN3033E5032_34,0.49257305
142,1kmN3033E5032_41,0.4785057
143,1kmN3033E5032_42,0.6092034
144,1kmN3033E5032_43,0.38824233
145,1kmN3033E5032_44,0.54720974
148,1kmN3033E5033_31,0.49257305
149,1kmN3033E5033_32,0.54720974
150,1kmN3033E5033_33,0.38824233
151,1kmN3033E5033_34,0.4785057
153,1kmN3033E5033_42,0.29346198
154,1kmN3033E5033_43,0.29346198
155,1kmN3033E5033_44,0.29346198
156,1kmN3033E5034_11,0.45302233
157,1kmN3033E5034_12,0.29346198
158,1kmN3033E5034_13,0.29346198
159,1kmN3033E5034_14,0.29346198
160,1kmN3033E5034_21,0.29346198
161,1kmN3033E5034_23,0.29346198
162,1kmN3033E5034_24,0.29346198
164,1kmN3033E5035_12,0.29346198
165,1kmN3033E5035_13,0.29346198
167,1kmN3033E5035_31,0.29346198
168,1kmN3033E5035_34,0.29346198
170,1kmN3033E5035_42,0.29346198
171,1kmN3033E5035_43,0.29346198
172,1kmN3033E5035_44,0.29346198
174,1kmN3033E5036_42,0.29346198
175,1kmN3033E5036_43,0.29346198
196,1kmN3034E5022_13,0.29346198
199,1kmN3034E5022_24,0.29346198
201,1kmN3034E5022_32,0.29346198
203,1kmN3034E5022_34,0.29346198
210,1kmN3034E5023_13,0.29346198
213,1kmN3034E5023_24,0.29346198
214,1kmN3034E5023_31,0.30752933
215,1kmN3034E5023_34,0.29346198
221,1kmN3034E5024_12,0.29346198
222,1kmN3034E5024_13,0.29346198
224,1kmN3034E5024_21,0.29346198
237,1kmN3034E5025_22,0.29346198
238,1kmN3034E5025_23,0.29346198
239,1kmN3034E5025_24,0.29346198
240,1kmN3034E5025_31,0.36216596
241,1kmN3034E5025_32,0.30752933
242,1kmN3034E5025_33,0.47568065
243,1kmN3034E5025_34,0.36216596
248,1kmN3034E5026_11,0.29346198
249,1kmN3034E5026_12,0.29346198
251,1kmN3034E5026_14,0.29346198
254,1kmN3034E5026_23,0.29346198
257,1kmN3034E5026_32,0.29346198
258,1kmN3034E5026_33,0.30752933
279,1kmN3034E5027_44,0.29346198
285,1kmN3034E5028_22,0.5331424
292,1kmN3034E5028_41,1.1676273
296,1kmN3034E5029_11,0.29346198
297,1kmN3034E5029_12,0.54720974
298,1kmN3034E5029_13,0.4785057
299,1kmN3034E5029_14,0.47568065
300,1kmN3034E5029_21,0.4785057
301,1kmN3034E5029_22,0.9489943
302,1kmN3034E5029_23,0.6170048
303,1kmN3034E5029_24,0.47568065
304,1kmN3034E5029_31,0.6170048
305,1kmN3034E5029_32,1.0586662
306,1kmN3034E5029_33,0.6801328
307,1kmN3034E5029_34,0.29346198
308,1kmN3034E5029_41,0.9205973
309,1kmN3034E5029_42,0.4785057
310,1kmN3034E5029_43,0.29346198
311,1kmN3034E5029_44,0.29346198
312,1kmN3034E5030_11,0.29346198
313,1kmN3034E5030_12,0.29346198
314,1kmN3034E5030_13,0.47568065
315,1kmN3034E5030_14,0.38824233
316,1kmN3034E5030_21,0.46715912
317,1kmN3034E5030_22,0.3741055
318,1kmN3034E5030_23,0.29346198
319,1kmN3034E5030_24,0.38824233
320,1kmN3034E5030_31,0.29346198
321,1kmN3034E5030_32,0.29346198
322,1kmN3034E5030_33,0.29346198
323,1kmN3034E5030_34,0.29346198
325,1kmN3034E5030_42,0.29346198
326,1kmN3034E5030_43,0.29346198
327,1kmN3034E5030_44,0.29346198
328,1kmN3034E5031_11,1.205394
329,1kmN3034E5031_12,0.38824233
330,1kmN3034E5031_13,0.6170048
331,1kmN3034E5031_14,1.4369872
332,1kmN3034E5031_21,0.29346198
333,1kmN3034E5031_22,0.47568065
334,1kmN3034E5031_23,0.38824233
335,1kmN3034E5031_24,0.46715912
336,1kmN3034E5031_31,0.29346198
337,1kmN3034E5031_32,0.47568065
338,1kmN3034E5031_33,0.46477702
339,1kmN3034E5031_34,0.29346198
340,1kmN3034E5031_41,0.46477702
341,1kmN3034E5031_42,0.6170048
342,1kmN3034E5031_43,0.4785057
343,1kmN3034E5031_44,0.4785057
344,1kmN3034E5032_11,0.30752933
345,1kmN3034E5032_12,0.38824233
346,1kmN3034E5032_13,0.29346198
348,1kmN3034E5032_21,0.29346198
349,1kmN3034E5032_22,0.38824233
350,1kmN3034E5032_23,0.29346198
351,1kmN3034E5032_24,0.29346198
352,1kmN3034E5032_31,0.29346198
353,1kmN3034E5032_32,0.36216596
354,1kmN3034E5032_33,0.30752933
355,1kmN3034E5032_34,0.29346198
356,1kmN3034E5032_41,0.29346198
357,1kmN3034E5032_42,0.38824233
358,1kmN3034E5032_43,0.30752933
359,1kmN3034E5032_44,1.2010357
360,1kmN3034E5033_11,0.4785057
361,1kmN3034E5033_12,0.49257305
362,1kmN3034E5033_13,0.38824233
363,1kmN3034E5033_14,0.4785057
364,1kmN3034E5033_21,0.4785057
366,1kmN3034E5033_23,0.29346198
367,1kmN3034E5033_24,0.4785057
368,1kmN3034E5033_31,0.4785057
369,1kmN3034E5033_32,0.29346198
370,1kmN3034E5033_33,0.30752933
371,1kmN3034E5033_34,0.29346198
372,1kmN3034E5033_41,0.4785057
373,1kmN3034E5033_42,0.4785057
374,1kmN3034E5033_43,0.38824233
375,1kmN3034E5033_44,0.29346198
376,1kmN3034E5034_11,0.29346198
377,1kmN3034E5034_12,0.29346198
378,1kmN3034E5034_13,0.29346198
379,1kmN3034E5034_14,0.29346198
380,1kmN3034E5034_21,0.30752933
381,1kmN3034E5034_22,0.29346198
382,1kmN3034E5034_23,0.29346198
383,1kmN3034E5034_24,0.30752933
384,1kmN3034E5034_31,0.29346198
385,1kmN3034E5034_32,0.29346198
386,1kmN3034E5034_33,0.29346198
387,1kmN3034E5034_34,0.29346198
389,1kmN3034E5034_42,0.29346198
390,1kmN3034E5034_43,0.29346198
391,1kmN3034E5034_44,0.29346198
392,1kmN3034E5035_11,0.29346198
393,1kmN3034E5035_12,0.29346198
395,1kmN3034E5035_14,0.29346198
400,1kmN3034E5035_31,0.29346198
402,1kmN3034E5035_33,0.46477702
403,1kmN3034E5035_34,0.29346198
406,1kmN3034E5035_43,0.29346198
421,1kmN3035E5020_12,0.29346198
425,1kmN3035E5021_11,0.54720974
426,1kmN3035E5021_12,0.30752933
427,1kmN3035E5021_13,0.30752933
428,1kmN3035E5021_14,0.54720974
429,1kmN3035E5021_21,0.36216596
432,1kmN3035E5021_24,0.29346198
437,1kmN3035E5021_41,0.4785057
438,1kmN3035E5021_42,0.29346198
439,1kmN3035E5021_43,0.29346198
440,1kmN3035E5021_44,0.29346198
441,1kmN3035E5022_11,0.29346198
442,1kmN3035E5022_12,0.29346198
443,1kmN3035E5022_13,0.30752933
444,1kmN3035E5022_14,0.38824233
447,1kmN3035E5022_23,0.29346198
448,1kmN3035E5022_24,0.29346198
449,1kmN3035E5022_31,0.29346198
450,1kmN3035E5022_32,0.29346198
451,1kmN3035E5022_33,0.29346198
452,1kmN3035E5022_34,0.38824233
453,1kmN3035E5022_41,0.29346198
454,1kmN3035E5022_42,0.29346198
455,1kmN3035E5022_43,0.47568065
457,1kmN3035E5023_11,0.29346198
458,1kmN3035E5023_12,0.29346198
465,1kmN3035E5023_31,0.29346198
470,1kmN3035E5023_42,0.29346198
472,1kmN3035E5023_44,0.29346198
480,1kmN3035E5024_24,0.29346198
481,1kmN3035E5024_31,0.29346198
482,1kmN3035E5024_32,0.29346198
484,1kmN3035E5024_34,0.29346198
485,1kmN3035E5024_41,0.29346198
486,1kmN3035E5024_42,0.29346198
487,1kmN3035E5024_43,0.30752933
488,1kmN3035E5024_44,0.3336057
489,1kmN3035E5025_11,0.30752933
490,1kmN3035E5025_12,0.30752933
491,1kmN3035E5025_13,0.9205973
492,1kmN3035E5025_14,0.29346198
496,1kmN3035E5025_24,0.29346198
497,1kmN3035E5025_31,0.29346198
501,1kmN3035E5025_41,0.29346198
502,1kmN3035E5025_42,0.47568065
503,1kmN3035E5025_43,0.29346198
505,1kmN3035E5026_11,0.29346198
507,1kmN3035E5026_13,0.29346198
508,1kmN3035E5026_14,0.46715912
513,1kmN3035E5026_31,0.29346198
516,1kmN3035E5026_34,0.29346198
517,1kmN3035E5026_41,0.9272865
518,1kmN3035E5026_42,0.9205973
519,1kmN3035E5026_43,0.30752933
520,1kmN3035E5026_44,0.38824233
521,1kmN3035E5027_11,0.9738651
522,1kmN3035E5027_12,0.6801328
523,1kmN3035E5027_13,0.29346198
524,1kmN3035E5027_14,0.9738651
525,1kmN3035E5027_21,1.2883278
528,1kmN3035E5027_24,0.29346198
529,1kmN3035E5027_31,0.29346198
533,1kmN3035E5027_41,0.96407676
535,1kmN3035E5027_43,0.29346198
536,1kmN3035E5027_44,0.3336057
537,1kmN3035E5028_11,1.4997764
538,1kmN3035E5028_12,1.2634571
539,1kmN3035E5028_13,1.8953582
540,1kmN3035E5028_14,1.8953582
541,1kmN3035E5028_21,0.96407676
542,1kmN3035E5028_22,0.46477702
543,1kmN3035E5028_23,1.1219819
544,1kmN3035E5028_24,0.9205973
545,1kmN3035E5028_31,1.6554569
546,1kmN3035E5028_32,1.8525363
547,1kmN3035E5028_33,1.1219819
548,1kmN3035E5028_34,1.7623037
550,1kmN3035E5028_42,1.1676273
551,1kmN3035E5028_43,0.9272865
552,1kmN3035E5028_44,0.9489943
553,1kmN3035E5029_11,0.47568065
554,1kmN3035E5029_12,0.9489943
555,1kmN3035E5029_13,1.205394
556,1kmN3035E5029_14,0.54720974
557,1kmN3035E5029_21,0.9205973
558,1kmN3035E5029_22,0.43870062
559,1kmN3035E5029_23,0.4785057
560,1kmN3035E5029_24,0.4785057
561,1kmN3035E5029_31,0.9272865
562,1kmN3035E5029_32,0.9489943
563,1kmN3035E5029_33,0.7871505
564,1kmN3035E5029_34,0.9738651
565,1kmN3035E5029_41,0.46477702
566,1kmN3035E5029_42,0.9489943
567,1kmN3035E5029_43,0.9489943
568,1kmN3035E5029_44,0.9272865
570,1kmN3035E5030_12,0.29346198
572,1kmN3035E5030_14,0.29346198
573,1kmN3035E5030_21,0.38824233
574,1kmN3035E5030_22,0.30752933
575,1kmN3035E5030_23,0.29346198
576,1kmN3035E5030_24,0.29346198
579,1kmN3035E5030_33,0.29346198
580,1kmN3035E5030_34,0.29346198
581,1kmN3035E5030_41,0.9272865
582,1kmN3035E5030_42,0.29346198
583,1kmN3035E5030_43,1.0106554
584,1kmN3035E5030_44,0.9738651
587,1kmN3035E5031_13,0.30752933
588,1kmN3035E5031_14,0.29346198
589,1kmN3035E5031_21,1.205394
590,1kmN3035E5031_22,0.38824233
591,1kmN3035E5031_23,1.4049436
592,1kmN3035E5031_24,1.205394
593,1kmN3035E5031_31,0.47568065
594,1kmN3035E5031_32,0.6092034
595,1kmN3035E5031_33,0.6170048
596,1kmN3035E5031_34,0.36216596
597,1kmN3035E5031_41,0.29346198
598,1kmN3035E5031_42,0.29346198
599,1kmN3035E5031_43,1.0280812
600,1kmN3035E5031_44,0.29346198
601,1kmN3035E5032_11,0.30752933
602,1kmN3035E5032_12,0.30752933
603,1kmN3035E5032_13,0.30752933
604,1kmN3035E5032_14,0.29346198
605,1kmN3035E5032_21,0.29346198
606,1kmN3035E5032_22,0.29346198
607,1kmN3035E5032_23,0.30752933
608,1kmN3035E5032_24,0.38824233
609,1kmN3035E5032_31,0.36216596
610,1kmN3035E5032_32,0.29346198
611,1kmN3035E5032_33,1.2010357
613,1kmN3035E5032_41,0.29346198
614,1kmN3035E5032_42,0.30752933
615,1kmN3035E5032_43,0.29346198
616,1kmN3035E5032_44,0.29346198
618,1kmN3035E5033_12,0.29346198
621,1kmN3035E5033_21,0.29346198
622,1kmN3035E5033_22,0.29346198
623,1kmN3035E5033_23,0.29346198
624,1kmN3035E5033_24,0.29346198
625,1kmN3035E5033_31,0.29346198
626,1kmN3035E5033_32,0.29346198
627,1kmN3035E5033_33,0.29346198
628,1kmN3035E5033_34,0.29346198
631,1kmN3035E5033_43,0.30752933
632,1kmN3035E5033_44,0.30752933
633,1kmN3035E5034_11,0.54720974
634,1kmN3035E5034_12,0.36216596
635,1kmN3035E5034_13,0.49257305
636,1kmN3035E5034_14,0.4785057
637,1kmN3035E5034_21,0.4785057
638,1kmN3035E5034_22,0.29346198
640,1kmN3035E5034_24,0.4785057
641,1kmN3035E5034_31,0.30752933
642,1kmN3035E5034_32,0.29346198
643,1kmN3035E5034_33,0.29346198
644,1kmN3035E5034_34,0.29346198
645,1kmN3035E5034_41,0.29346198
646,1kmN3035E5034_42,0.29346198
647,1kmN3035E5034_43,0.29346198
648,1kmN3035E5034_44,0.29346198
650,1kmN3035E5035_12,0.29346198
651,1kmN3035E5035_13,0.29346198
652,1kmN3035E5035_14,0.29346198
653,1kmN3035E5035_21,0.29346198
654,1kmN3035E5035_22,0.29346198
655,1kmN3035E5035_23,0.29346198
656,1kmN3035E5035_24,0.29346198
657,1kmN3035E5035_31,0.30752933
660,1kmN3035E5035_34,0.4785057
662,1kmN3035E5035_42,0.47568065
663,1kmN3035E5035_43,0.54720974
670,1kmN3035E5036_34,0.29346198
671,1kmN3035E5036_41,0.9205973
673,1kmN3035E5036_43,0.29346198
674,1kmN3035E5036_44,0.29346198
676,1kmN3036E5021_12,0.29346198
677,1kmN3036E5021_13,0.29346198
679,1kmN3036E5021_21,0.6170048
680,1kmN3036E5021_22,0.6170048
681,1kmN3036E5021_23,0.47568065
682,1kmN3036E5021_24,0.6135617
683,1kmN3036E5021_31,0.6092034
684,1kmN3036E5021_32,0.49257305
685,1kmN3036E5021_33,0.29346198
688,1kmN3036E5021_42,0.29346198
689,1kmN3036E5021_43,0.29346198
693,1kmN3036E5022_13,0.30752933
694,1kmN3036E5022_14,0.29346198
697,1kmN3036E5022_23,0.29346198
698,1kmN3036E5022_24,0.29346198
699,1kmN3036E5022_31,0.29346198
700,1kmN3036E5022_32,0.38824233
701,1kmN3036E5022_33,0.36216596
702,1kmN3036E5022_34,0.29346198
703,1kmN3036E5022_42,0.30752933
704,1kmN3036E5022_43,0.29346198
705,1kmN3036E5023_11,0.34809864
706,1kmN3036E5023_12,0.29346198
708,1kmN3036E5023_14,0.29346198
710,1kmN3036E5023_22,0.30752933
731,1kmN3036E5024_33,0.29346198
735,1kmN3036E5024_43,0.29346198
736,1kmN3036E5024_44,0.29346198
737,1kmN3036E5025_11,0.30752933
738,1kmN3036E5025_12,0.30752933
739,1kmN3036E5025_13,0.30752933
740,1kmN3036E5025_14,0.29346198
742,1kmN3036E5025_22,0.29346198
743,1kmN3036E5025_23,0.29346198
753,1kmN3036E5026_11,0.29346198
754,1kmN3036E5026_12,0.29346198
755,1kmN3036E5026_13,0.47568065
756,1kmN3036E5026_14,0.36216596
758,1kmN3036E5026_22,0.29346198
759,1kmN3036E5026_23,0.46715912
760,1kmN3036E5026_24,0.38824233
761,1kmN3036E5026_31,0.38824233
762,1kmN3036E5026_32,0.47568065
763,1kmN3036E5026_33,0.29346198
764,1kmN3036E5026_34,0.29346198
765,1kmN3036E5026_41,0.47568065
766,1kmN3036E5026_42,0.9205973
767,1kmN3036E5026_43,0.38824233
768,1kmN3036E5026_44,0.38824233
769,1kmN3036E5027_11,0.9738651
770,1kmN3036E5027_12,0.9738651
771,1kmN3036E5027_13,1.2883278
772,1kmN3036E5027_14,1.9741125
773,1kmN3036E5027_21,1.2883278
774,1kmN3036E5027_22,0.9738651
775,1kmN3036E5027_23,1.2010357
776,1kmN3036E5027_24,0.9489943
778,1kmN3036E5027_32,0.4785057
779,1kmN3036E5027_33,0.29346198
780,1kmN3036E5027_34,0.29346198
781,1kmN3036E5027_41,1.8953582
784,1kmN3036E5027_44,1.2883278
785,1kmN3036E5028_11,1.8525363
786,1kmN3036E5028_12,1.0106554
787,1kmN3036E5028_13,1.0106554
788,1kmN3036E5028_14,1.8412826
789,1kmN3036E5028_21,1.1816947
790,1kmN3036E5028_22,1.5238212
791,1kmN3036E5028_23,1.1676273
792,1kmN3036E5028_24,1.1676273
793,1kmN3036E5028_31,1.1676273
795,1kmN3036E5028_33,0.4785057
796,1kmN3036E5028_34,0.49257305
797,1kmN3036E5028_41,1.205394
798,1kmN3036E5028_42,0.6801328
799,1kmN3036E5028_43,0.36216596
800,1kmN3036E5028_44,1.0106554
801,1kmN3036E5029_11,1.4049436
802,1kmN3036E5029_12,1.205394
804,1kmN3036E5029_14,0.96407676
805,1kmN3036E5029_21,0.36216596
806,1kmN3036E5029_22,0.49257305
807,1kmN3036E5029_23,0.6170048
808,1kmN3036E5029_24,0.9205973
809,1kmN3036E5029_31,0.30752933
810,1kmN3036E5029_32,0.46715912
811,1kmN3036E5029_33,0.9205973
812,1kmN3036E5029_34,0.29346198
813,1kmN3036E5029_41,1.0059898
816,1kmN3036E5029_44,1.2634571
817,1kmN3036E5030_11,0.29346198
818,1kmN3036E5030_12,0.29346198
819,1kmN3036E5030_13,0.29346198
820,1kmN3036E5030_14,0.29346198
821,1kmN3036E5030_21,0.29346198
823,1kmN3036E5030_23,0.9205973
824,1kmN3036E5030_24,0.9272865
825,1kmN3036E5030_31,0.9272865
826,1kmN3036E5030_32,0.9205973
827,1kmN3036E5030_33,0.6135617
828,1kmN3036E5030_34,0.46715912
830,1kmN3036E5030_42,1.1676273
831,1kmN3036E5030_43,1.2634571
832,1kmN3036E5030_44,0.54720974
833,1kmN3036E5031_11,2.1019716
834,1kmN3036E5031_12,1.6842908
835,1kmN3036E5031_13,1.8953582
836,1kmN3036E5031_14,1.8953582
837,1kmN3036E5031_21,0.9738651
838,1kmN3036E5031_22,0.47568065
839,1kmN3036E5031_23,0.36216596
840,1kmN3036E5031_24,0.9489943
841,1kmN3036E5031_31,0.29346198
842,1kmN3036E5031_32,0.29346198
845,1kmN3036E5031_41,1.6269361
849,1kmN3036E5032_11,1.9857653
850,1kmN3036E5032_12,2.1019716
851,1kmN3036E5032_13,2.1019716
852,1kmN3036E5032_14,1.6842908
853,1kmN3036E5032_21,0.3336057
854,1kmN3036E5032_22,0.29346198
855,1kmN3036E5032_23,0.6170048
856,1kmN3036E5032_24,1.0106554
857,1kmN3036E5032_31,0.30752933
858,1kmN3036E5032_32,0.4785057
859,1kmN3036E5032_33,0.54720974
860,1kmN3036E5032_34,1.1676273
861,1kmN3036E5032_41,2.1019716
862,1kmN3036E5032_42,2.1019716
863,1kmN3036E5032_43,2.075202
864,1kmN3036E5032_44,1.8789188
865,1kmN3036E5033_11,0.46715912
866,1kmN3036E5033_12,0.29346198
867,1kmN3036E5033_13,0.29346198
868,1kmN3036E5033_14,0.6801328
876,1kmN3036E5033_34,0.29346198
877,1kmN3036E5033_41,0.9205973
878,1kmN3036E5033_42,0.36216596
879,1kmN3036E5033_43,0.36216596
880,1kmN3036E5033_44,0.9205973
881,1kmN3036E5034_11,0.29346198
882,1kmN3036E5034_12,0.30752933
883,1kmN3036E5034_13,0.47568065
884,1kmN3036E5034_14,0.38824233
885,1kmN3036E5034_21,0.29346198
886,1kmN3036E5034_22,0.30752933
887,1kmN3036E5034_23,0.29346198
888,1kmN3036E5034_24,0.29346198
893,1kmN3036E5034_41,0.9205973
894,1kmN3036E5034_42,0.30752933
896,1kmN3036E5034_44,0.30752933
897,1kmN3036E5035_11,1.657521
898,1kmN3036E5035_12,0.29346198
899,1kmN3036E5035_13,0.38824233
900,1kmN3036E5035_14,0.49257305
901,1kmN3036E5035_23,0.29346198
903,1kmN3036E5035_31,0.29346198
904,1kmN3036E5035_32,0.29346198
905,1kmN3036E5035_33,0.30752933
906,1kmN3036E5035_34,0.29346198
908,1kmN3036E5035_42,0.46477702
909,1kmN3036E5035_43,0.47568065
911,1kmN3036E5036_11,0.4785057
912,1kmN3036E5036_41,0.29346198
913,1kmN3036E5036_44,0.9738651
916,1kmN3036E5037_41,0.29346198
917,1kmN3036E5037_44,0.49257305
918,1kmN3036E5038_14,0.29346198
919,1kmN3036E5038_41,0.36216596
920,1kmN3036E5038_44,0.29346198
925,1kmN3037E5022_11,0.29346198
927,1kmN3037E5023_11,0.29346198
928,1kmN3037E5023_12,0.29346198
932,1kmN3037E5023_22,0.29346198
939,1kmN3037E5023_41,0.29346198
943,1kmN3037E5024_11,0.54720974
944,1kmN3037E5024_12,0.29346198
945,1kmN3037E5024_13,0.38824233
946,1kmN3037E5024_14,0.6170048
950,1kmN3037E5024_24,0.29346198
951,1kmN3037E5024_31,0.30752933
953,1kmN3037E5024_33,0.30752933
954,1kmN3037E5024_34,0.36216596
955,1kmN3037E5024_41,0.49257305
956,1kmN3037E5024_42,0.38824233
957,1kmN3037E5024_43,0.36216596
961,1kmN3037E5025_13,0.29346198
963,1kmN3037E5025_21,0.38824233
964,1kmN3037E5025_22,0.29346198
974,1kmN3037E5025_44,0.29346198
976,1kmN3037E5026_12,0.29346198
977,1kmN3037E5026_13,0.29346198
979,1kmN3037E5026_21,0.46715912
980,1kmN3037E5026_22,0.47568065
981,1kmN3037E5026_23,0.46715912
982,1kmN3037E5026_24,0.47568065
983,1kmN3037E5026_31,0.30752933
984,1kmN3037E5026_32,0.47568065
985,1kmN3037E5026_33,0.47568065
986,1kmN3037E5026_34,0.38824233
988,1kmN3037E5026_42,0.29346198
992,1kmN3037E5027_12,1.2010357
995,1kmN3037E5027_21,1.9857653
996,1kmN3037E5027_22,1.6842908
997,1kmN3037E5027_23,1.8953582
1000,1kmN3037E5027_32,1.2883278
1001,1kmN3037E5027_33,1.2010357
1002,1kmN3037E5027_34,0.4785057
1007,1kmN3037E5028_11,1.8412826
1008,1kmN3037E5028_12,1.2634571
1009,1kmN3037E5028_13,1.4917777
1010,1kmN3037E5028_14,1.8412826
1011,1kmN3037E5028_21,1.4129422
1012,1kmN3037E5028_22,1.8518014
1013,1kmN3037E5028_23,1.9857653
1014,1kmN3037E5028_24,1.4997764
1015,1kmN3037E5028_31,1.4997764
1016,1kmN3037E5028_32,1.2634571
1017,1kmN3037E5028_33,0.4785057
1018,1kmN3037E5028_34,1.9857653
1019,1kmN3037E5028_41,1.5167445
1020,1kmN3037E5028_42,2.1019716
1021,1kmN3037E5028_43,2.1019716
1022,1kmN3037E5028_44,1.9481292
1023,1kmN3037E5029_11,1.6554569
1024,1kmN3037E5029_12,1.2883278
1025,1kmN3037E5029_13,1.0586662
1026,1kmN3037E5029_14,1.0106554
1027,1kmN3037E5029_21,1.4369872
1029,1kmN3037E5029_23,1.0280812
1030,1kmN3037E5029_24,0.54720974
1031,1kmN3037E5029_31,0.29346198
1032,1kmN3037E5029_32,1.0280812
1033,1kmN3037E5029_33,1.2010357
1034,1kmN3037E5029_34,0.4785057
1035,1kmN3037E5029_41,0.9272865
1036,1kmN3037E5029_42,1.6269361
1037,1kmN3037E5029_43,0.29346198
1038,1kmN3037E5029_44,1.4156547
1039,1kmN3037E5030_11,0.9489943
1040,1kmN3037E5030_12,0.29346198
1050,1kmN3037E5030_34,1.2883278
1051,1kmN3037E5030_41,0.4785057
1052,1kmN3037E5030_42,1.205394
1053,1kmN3037E5030_43,1.4129422
1054,1kmN3037E5030_44,0.9738651
1055,1kmN3037E5031_11,1.9528909
1056,1kmN3037E5031_12,2.075202
1057,1kmN3037E5031_13,2.1019716
1058,1kmN3037E5031_14,2.1019716
1059,1kmN3037E5031_21,1.9857653
1060,1kmN3037E5031_22,2.1019716
1061,1kmN3037E5031_23,1.9741125
1062,1kmN3037E5031_24,1.4997764
1063,1kmN3037E5031_31,1.4049436
1064,1kmN3037E5031_32,0.7549317
1066,1kmN3037E5031_34,0.29346198
1067,1kmN3037E5031_41,1.4917777
1068,1kmN3037E5031_42,1.4997764
1069,1kmN3037E5031_43,0.54720974
1070,1kmN3037E5031_44,1.2883278
1071,1kmN3037E5032_11,1.8685884
1072,1kmN3037E5032_12,1.6243526
1073,1kmN3037E5032_13,1.0586662
1074,1kmN3037E5032_14,0.9205973
1075,1kmN3037E5032_21,1.8846759
1076,1kmN3037E5032_22,1.9857653
1077,1kmN3037E5032_23,1.8412826
1078,1kmN3037E5032_24,0.36216596
1079,1kmN3037E5032_31,1.7401931
1080,1kmN3037E5032_32,2.3944201
1081,1kmN3037E5032_33,2.075202
1082,1kmN3037E5032_34,1.8412826
1083,1kmN3037E5032_41,1.2634571
1084,1kmN3037E5032_42,1.0106554
1085,1kmN3037E5032_43,1.2883278
1086,1kmN3037E5032_44,0.9738651
1087,1kmN3037E5033_11,1.9741125
1088,1kmN3037E5033_12,0.6170048
1089,1kmN3037E5033_13,1.2883278
1090,1kmN3037E5033_14,2.1019716
1091,1kmN3037E5033_21,0.9489943
1092,1kmN3037E5033_22,0.4785057
1094,1kmN3037E5033_24,1.6269361
1095,1kmN3037E5033_31,2.1019716
1096,1kmN3037E5033_32,1.4369872
1097,1kmN3037E5033_33,1.2634571
1098,1kmN3037E5033_34,1.6842908
1099,1kmN3037E5033_41,1.7401931
1100,1kmN3037E5033_42,1.9857653
1101,1kmN3037E5033_43,2.0008821
1102,1kmN3037E5033_44,2.1019716
1104,1kmN3037E5034_12,0.29346198
1105,1kmN3037E5034_13,0.29346198
1106,1kmN3037E5034_14,0.4785057
1107,1kmN3037E5034_21,0.29346198
1108,1kmN3037E5034_22,0.29346198
1109,1kmN3037E5034_23,0.29346198
1110,1kmN3037E5034_24,0.30752933
1111,1kmN3037E5034_31,0.36216596
1112,1kmN3037E5034_32,0.36216596
1113,1kmN3037E5034_33,0.9205973
1114,1kmN3037E5034_34,0.47568065
1115,1kmN3037E5034_41,1.7623037
1116,1kmN3037E5034_42,0.36216596
1117,1kmN3037E5034_43,0.9272865
1118,1kmN3037E5034_44,2.1019716
1119,1kmN3037E5035_11,1.6243526
1120,1kmN3037E5035_12,1.657521
1122,1kmN3037E5035_14,2.0008821
1123,1kmN3037E5035_21,0.4785057
1124,1kmN3037E5035_22,1.0280812
1131,1kmN3037E5035_41,1.7401931
1134,1kmN3037E5035_44,1.2883278
1135,1kmN3037E5036_11,1.8953582
1136,1kmN3037E5036_12,1.657521
1137,1kmN3037E5036_13,2.0008821
1138,1kmN3037E5036_14,1.657521
1139,1kmN3037E5036_21,1.2883278
1140,1kmN3037E5036_22,0.29346198
1141,1kmN3037E5036_23,1.1676273
1142,1kmN3037E5036_24,1.4129422
1143,1kmN3037E5036_31,1.6269361
1144,1kmN3037E5036_32,0.4785057
1145,1kmN3037E5036_33,1.8953582
1146,1kmN3037E5036_34,1.2883278
1147,1kmN3037E5036_41,1.2883278
1148,1kmN3037E5036_42,1.205394
1149,1kmN3037E5036_43,1.0106554
1150,1kmN3037E5036_44,2.0008821
1151,1kmN3037E5037_11,0.36216596
1152,1kmN3037E5037_12,0.49257305
1153,1kmN3037E5037_13,0.6170048
1154,1kmN3037E5037_14,0.9489943
1155,1kmN3037E5037_21,0.36216596
1156,1kmN3037E5037_22,0.29346198
1157,1kmN3037E5037_23,0.29346198
1158,1kmN3037E5037_24,0.29346198
1160,1kmN3037E5037_32,0.29346198
1162,1kmN3037E5037_34,1.1676273
1163,1kmN3037E5037_41,0.9272865
1164,1kmN3037E5037_42,0.9272865
1165,1kmN3037E5037_43,0.9489943
1166,1kmN3037E5037_44,1.0106554
1167,1kmN3037E5038_11,0.30752933
1168,1kmN3037E5038_12,0.30752933
1169,1kmN3037E5038_13,0.7549317
1170,1kmN3037E5038_14,0.7549317
1171,1kmN3037E5038_21,0.29346198
1172,1kmN3037E5038_23,0.29346198
1173,1kmN3037E5038_24,0.29346198
1174,1kmN3037E5038_31,0.29346198
1175,1kmN3037E5038_32,0.38824233
1176,1kmN3037E5038_33,0.36216596
1177,1kmN3037E5038_34,0.29346198
1178,1kmN3037E5038_41,0.47568065
1179,1kmN3037E5038_42,0.9489943
1180,1kmN3037E5038_43,1.205394
1182,1kmN3037E5039_11,0.29346198
1183,1kmN3037E5039_13,1.4917777
1185,1kmN3037E5039_31,0.46477702
1186,1kmN3037E5039_34,1.4917777
1188,1kmN3037E5039_42,1.4917777
1189,1kmN3037E5039_43,1.4917777
1190,1kmN3037E5039_44,0.29346198
1191,1kmN3038E5021_11,0.29346198
1198,1kmN3038E5022_14,0.29346198
1199,1kmN3038E5022_21,0.29346198
1200,1kmN3038E5022_22,0.29346198
1205,1kmN3038E5022_41,0.3741055
1206,1kmN3038E5022_42,0.29346198
1208,1kmN3038E5022_44,0.29346198
1215,1kmN3038E5023_23,0.29346198
1217,1kmN3038E5023_31,0.29346198
1218,1kmN3038E5023_32,0.29346198
1219,1kmN3038E5023_33,0.29346198
1220,1kmN3038E5023_34,0.29346198
1225,1kmN3038E5024_11,0.29346198
1226,1kmN3038E5024_12,0.7123517
1227,1kmN3038E5024_13,0.36216596
1228,1kmN3038E5024_14,0.29346198
1229,1kmN3038E5024_21,0.6170048
1230,1kmN3038E5024_22,0.4785057
1231,1kmN3038E5024_23,0.46477702
1232,1kmN3038E5024_24,0.49257305
1234,1kmN3038E5024_32,0.4785057
1235,1kmN3038E5024_33,0.29346198
1237,1kmN3038E5024_41,0.29346198
1241,1kmN3038E5025_11,0.29346198
1242,1kmN3038E5025_12,0.29346198
1243,1kmN3038E5025_13,0.29346198
1248,1kmN3038E5025_24,0.29346198
1249,1kmN3038E5025_31,0.29346198
1252,1kmN3038E5025_34,0.29346198
1256,1kmN3038E5025_44,0.29346198
1257,1kmN3038E5026_11,0.30752933
1258,1kmN3038E5026_12,0.29346198
1260,1kmN3038E5026_14,0.29346198
1269,1kmN3038E5026_41,0.29346198
1272,1kmN3038E5026_44,0.29346198
1273,1kmN3038E5027_11,1.0586662
1274,1kmN3038E5027_12,0.38824233
1275,1kmN3038E5027_13,1.0280812
1276,1kmN3038E5027_14,1.0586662
1277,1kmN3038E5027_21,0.29346198
1285,1kmN3038E5027_41,0.46715912
1286,1kmN3038E5027_42,0.34809864
1287,1kmN3038E5027_43,0.29346198
1288,1kmN3038E5027_44,0.36216596
1289,1kmN3038E5028_11,1.8525363
1290,1kmN3038E5028_12,1.9528909
1292,1kmN3038E5028_14,0.29346198
1293,1kmN3038E5028_21,2.1019716
1294,1kmN3038E5028_22,1.4210752
1295,1kmN3038E5028_23,1.8412826
1296,1kmN3038E5028_24,2.1019716
1297,1kmN3038E5028_31,1.2883278
1298,1kmN3038E5028_32,1.9741125
1304,1kmN3038E5028_44,0.4785057
1305,1kmN3038E5029_11,1.8685884
1306,1kmN3038E5029_12,1.4129422
1307,1kmN3038E5029_13,1.8525363
1308,1kmN3038E5029_14,1.3363388
1309,1kmN3038E5029_21,1.4369872
1310,1kmN3038E5029_22,1.2883278
1311,1kmN3038E5029_23,0.9205973
1312,1kmN3038E5029_24,1.0586662
1313,1kmN3038E5029_31,1.4049436
1314,1kmN3038E5029_32,1.0586662
1315,1kmN3038E5029_33,1.8412826
1316,1kmN3038E5029_34,1.4997764
1317,1kmN3038E5029_41,1.9741125
1318,1kmN3038E5029_42,2.1019716
1319,1kmN3038E5029_43,1.8412826
1320,1kmN3038E5029_44,1.8846759
1322,1kmN3038E5030_12,0.9272865
1323,1kmN3038E5030_13,1.0423019
1324,1kmN3038E5030_14,1.0106554
1325,1kmN3038E5030_21,1.0106554
1326,1kmN3038E5030_22,0.9205973
1327,1kmN3038E5030_23,0.9738651
1328,1kmN3038E5030_24,1.0106554
1329,1kmN3038E5030_31,1.7401931
1330,1kmN3038E5030_32,1.2634571
1331,1kmN3038E5030_33,1.2883278
1332,1kmN3038E5030_34,1.8953582
1333,1kmN3038E5030_41,1.2883278
1334,1kmN3038E5030_42,1.8412826
1335,1kmN3038E5030_43,1.6554569
1336,1kmN3038E5030_44,1.8846759
1341,1kmN3038E5031_21,0.9489943
1342,1kmN3038E5031_22,1.2883278
1343,1kmN3038E5031_23,1.205394
1346,1kmN3038E5031_32,1.1676273
1347,1kmN3038E5031_33,1.3363388
1348,1kmN3038E5031_34,1.0586662
1351,1kmN3038E5031_43,0.9272865
1353,1kmN3038E5032_11,1.4129422
1354,1kmN3038E5032_12,1.4129422
1355,1kmN3038E5032_13,1.2883278
1356,1kmN3038E5032_14,0.9205973
1357,1kmN3038E5032_21,1.1525669
1358,1kmN3038E5032_22,0.6170048
1359,1kmN3038E5032_23,1.6554569
1360,1kmN3038E5032_24,0.6170048
1361,1kmN3038E5032_31,1.657521
1362,1kmN3038E5032_32,1.4369872
1363,1kmN3038E5032_33,1.5720496
1364,1kmN3038E5032_34,1.8953582
1365,1kmN3038E5032_41,0.54720974
1366,1kmN3038E5032_42,1.1816947
1369,1kmN3038E5033_11,1.2883278
1370,1kmN3038E5033_12,1.2883278
1371,1kmN3038E5033_13,1.5232627
1372,1kmN3038E5033_14,0.9489943
1373,1kmN3038E5033_21,2.1019716
1374,1kmN3038E5033_22,1.7623037
1375,1kmN3038E5033_23,2.1019716
1376,1kmN3038E5033_24,2.1019716
1377,1kmN3038E5033_31,1.9857653
1378,1kmN3038E5033_32,1.8685884
1379,1kmN3038E5033_33,1.8846759
1380,1kmN3038E5033_34,2.0008821
1381,1kmN3038E5033_41,1.4049436
1382,1kmN3038E5033_42,1.5167445
1383,1kmN3038E5033_43,0.9489943
1384,1kmN3038E5033_44,0.9738651
1385,1kmN3038E5034_11,1.9741125
1386,1kmN3038E5034_12,2.0008821
1387,1kmN3038E5034_13,1.657521
1388,1kmN3038E5034_14,1.8518014
1389,1kmN3038E5034_21,1.1676273
1390,1kmN3038E5034_22,0.4785057
1391,1kmN3038E5034_23,0.54720974
1392,1kmN3038E5034_24,1.2010357
1393,1kmN3038E5034_31,1.4049436
1394,1kmN3038E5034_32,0.9738651
1395,1kmN3038E5034_33,2.0008821
1396,1kmN3038E5034_34,1.9857653
1397,1kmN3038E5034_41,1.2883278
1398,1kmN3038E5034_42,0.9738651
1399,1kmN3038E5034_43,0.9738651
1400,1kmN3038E5034_44,1.0995569
1401,1kmN3038E5035_11,0.30752933
1402,1kmN3038E5035_12,1.1676273
1403,1kmN3038E5035_13,1.657521
1404,1kmN3038E5035_14,0.6801328
1405,1kmN3038E5035_21,2.1019716
1406,1kmN3038E5035_22,2.1019716
1407,1kmN3038E5035_23,2.1019716
1408,1kmN3038E5035_24,1.9857653
1409,1kmN3038E5035_31,1.6554569
1410,1kmN3038E5035_32,1.8953582
1411,1kmN3038E5035_33,1.6842908
1412,1kmN3038E5035_34,1.4385262
1413,1kmN3038E5035_41,0.9489943
1415,1kmN3038E5035_43,1.2634571
1416,1kmN3038E5035_44,1.0106554
1417,1kmN3038E5036_11,0.46715912
1418,1kmN3038E5036_12,0.47568065
1419,1kmN3038E5036_13,1.0280812
1420,1kmN3038E5036_14,0.96407676
1421,1kmN3038E5036_21,1.6537058
1422,1kmN3038E5036_22,1.0586662
1423,1kmN3038E5036_23,1.0995569
1424,1kmN3038E5036_24,1.6269361
1425,1kmN3038E5036_31,1.6554569
1426,1kmN3038E5036_32,1.4156547
1427,1kmN3038E5036_33,1.9857653
1428,1kmN3038E5036_34,1.4997764
1429,1kmN3038E5036_41,0.9272865
1430,1kmN3038E5036_42,0.49257305
1431,1kmN3038E5036_43,1.8525363
1432,1kmN3038E5036_44,0.9272865
1433,1kmN3038E5037_11,0.47568065
1434,1kmN3038E5037_12,0.47568065
1435,1kmN3038E5037_13,0.9205973
1436,1kmN3038E5037_14,0.29346198
1437,1kmN3038E5037_21,0.44108272
1438,1kmN3038E5037_22,0.6170048
1439,1kmN3038E5037_23,0.54720974
1440,1kmN3038E5037_24,0.44108272
1441,1kmN3038E5037_31,0.96407676
1442,1kmN3038E5037_32,0.36216596
1443,1kmN3038E5037_33,0.9205973
1444,1kmN3038E5037_34,0.9272865
1445,1kmN3038E5037_41,0.9205973
1446,1kmN3038E5037_42,0.46477702
1447,1kmN3038E5037_43,0.9205973
1448,1kmN3038E5037_44,0.29346198
1449,1kmN3038E5038_11,1.4129422
1450,1kmN3038E5038_12,0.54720974
1451,1kmN3038E5038_13,0.6135617
1452,1kmN3038E5038_14,1.4917777
1453,1kmN3038E5038_21,0.38824233
1454,1kmN3038E5038_22,0.47568065
1455,1kmN3038E5038_23,0.7871505
1456,1kmN3038E5038_24,0.9205973
1457,1kmN3038E5038_31,0.9205973
1458,1kmN3038E5038_32,0.9489943
1460,1kmN3038E5038_34,0.30752933
1461,1kmN3038E5038_41,1.4049436
1462,1kmN3038E5038_42,0.9272865
1463,1kmN3038E5038_43,0.9205973
1464,1kmN3038E5038_44,0.30752933
1465,1kmN3038E5039_11,0.30752933
1467,1kmN3038E5039_13,0.29346198
1468,1kmN3038E5039_14,0.29346198
1473,1kmN3038E5039_31,0.29346198
1475,1kmN3038E5039_33,0.29346198
1476,1kmN3038E5039_34,0.30752933
1477,1kmN3038E5039_41,0.29346198
1478,1kmN3038E5039_42,0.38824233
1479,1kmN3038E5039_43,0.49257305
1480,1kmN3038E5039_44,0.4785057
1481,1kmN3038E5040_44,0.30752933
1483,1kmN3039E5021_12,0.4785057
1484,1kmN3039E5021_21,0.9738651
1485,1kmN3039E5021_22,0.49257305
1487,1kmN3039E5021_24,0.29346198
1489,1kmN3039E5022_12,0.29346198
1490,1kmN3039E5022_13,0.46477702
1491,1kmN3039E5022_14,0.29346198
1492,1kmN3039E5022_21,0.9205973
1493,1kmN3039E5022_22,0.46477702
1494,1kmN3039E5022_23,0.6801328
1495,1kmN3039E5022_24,0.9205973
1496,1kmN3039E5022_31,0.9738651
1497,1kmN3039E5022_32,0.9738651
1498,1kmN3039E5022_33,0.6092034
1499,1kmN3039E5022_34,1.0280812
1501,1kmN3039E5022_42,0.54720974
1502,1kmN3039E5022_43,0.4785057
1505,1kmN3039E5023_12,0.29346198
1507,1kmN3039E5023_14,0.29346198
1511,1kmN3039E5023_24,0.29346198
1513,1kmN3039E5023_32,0.29346198
1514,1kmN3039E5023_33,0.29346198
1515,1kmN3039E5023_34,0.30752933
1520,1kmN3039E5024_11,0.29346198
1523,1kmN3039E5024_14,0.29346198
1525,1kmN3039E5024_22,0.29346198
1532,1kmN3039E5024_41,0.29346198
1534,1kmN3039E5024_43,0.29346198
1535,1kmN3039E5024_44,0.29346198
1537,1kmN3039E5025_12,0.36216596
1538,1kmN3039E5025_13,0.43870062
1540,1kmN3039E5025_21,0.36216596
1543,1kmN3039E5025_24,0.36216596
1544,1kmN3039E5025_31,0.29346198
1545,1kmN3039E5025_32,0.36216596
1546,1kmN3039E5025_33,0.29346198
1557,1kmN3039E5026_22,0.9272865
1558,1kmN3039E5026_23,0.29346198
1562,1kmN3039E5026_33,0.29346198
1564,1kmN3039E5026_41,0.29346198
1573,1kmN3039E5027_22,0.9272865
1574,1kmN3039E5027_23,1.0106554
1575,1kmN3039E5027_24,0.6170048
1576,1kmN3039E5027_31,0.43870062
1577,1kmN3039E5027_32,0.36216596
1578,1kmN3039E5027_33,0.9205973
1579,1kmN3039E5027_34,0.29346198
1580,1kmN3039E5027_41,0.29346198
1589,1kmN3039E5028_22,0.6170048
1594,1kmN3039E5028_33,0.4785057
1600,1kmN3039E5029_11,1.205394
1602,1kmN3039E5029_13,0.9489943
1603,1kmN3039E5029_14,1.7623037
1604,1kmN3039E5029_21,0.44108272
1608,1kmN3039E5029_31,0.29346198
1609,1kmN3039E5029_32,1.1676273
1610,1kmN3039E5029_33,1.2883278
1611,1kmN3039E5029_34,0.34809864
1612,1kmN3039E5029_41,1.4049436
1613,1kmN3039E5029_42,1.0586662
1614,1kmN3039E5029_43,0.36216596
1615,1kmN3039E5029_44,0.4785057
1616,1kmN3039E5030_11,1.4997764
1617,1kmN3039E5030_12,1.2634571
1619,1kmN3039E5030_14,1.9481292
1620,1kmN3039E5030_21,1.2634571
1621,1kmN3039E5030_22,0.4785057
1622,1kmN3039E5030_23,1.1676273
1624,1kmN3039E5030_31,1.1869683
1627,1kmN3039E5030_34,1.0106554
1629,1kmN3039E5030_42,1.2883278
1630,1kmN3039E5030_43,1.0106554
1638,1kmN3039E5031_23,0.4785057
1641,1kmN3039E5031_32,0.4785057
1642,1kmN3039E5031_33,0.29346198
1643,1kmN3039E5031_34,0.9489943
1646,1kmN3039E5031_43,0.4785057
1647,1kmN3039E5031_44,1.4049436
1648,1kmN3039E5032_11,1.4917777
1649,1kmN3039E5032_12,1.8412826
1650,1kmN3039E5032_13,1.7670654
1651,1kmN3039E5032_14,1.4049436
1652,1kmN3039E5032_21,1.6602186
1653,1kmN3039E5032_22,1.2883278
1654,1kmN3039E5032_23,0.7549317
1655,1kmN3039E5032_24,0.4785057
1669,1kmN3039E5033_22,0.6170048
1670,1kmN3039E5033_23,0.4785057
1672,1kmN3039E5033_31,0.4785057
1673,1kmN3039E5033_32,1.2634571
1674,1kmN3039E5033_33,0.9489943
1675,1kmN3039E5033_34,1.2883278
1676,1kmN3039E5033_41,1.4049436
1677,1kmN3039E5033_42,1.4049436
1678,1kmN3039E5033_43,2.0008821
1679,1kmN3039E5033_44,1.2883278
1683,1kmN3039E5034_14,1.1676273
1684,1kmN3039E5034_21,0.4785057
1685,1kmN3039E5034_22,1.4129422
1686,1kmN3039E5034_23,0.9738651
1688,1kmN3039E5034_31,0.4785057
1689,1kmN3039E5034_32,1.0106554
1690,1kmN3039E5034_33,0.44108272
1701,1kmN3039E5035_22,0.29346198
1702,1kmN3039E5035_23,0.30752933
1705,1kmN3039E5035_32,0.4785057
1706,1kmN3039E5035_33,1.2883278
1722,1kmN3039E5036_33,0.29346198
1727,1kmN3039E5036_44,0.29346198
1728,1kmN3039E5037_11,0.29346198
1729,1kmN3039E5037_12,0.36216596
1731,1kmN3039E5037_14,0.29346198
1732,1kmN3039E5037_21,0.29346198
1733,1kmN3039E5037_22,0.29346198
1735,1kmN3039E5037_24,0.29346198
1739,1kmN3039E5037_34,0.29346198
1741,1kmN3039E5037_42,0.29346198
1742,1kmN3039E5037_43,0.29346198
1749,1kmN3039E5038_22,2.1019716
1750,1kmN3039E5038_23,1.6842908
1754,1kmN3039E5038_33,0.29346198
1755,1kmN3039E5038_34,0.29346198
1765,1kmN3039E5039_23,0.29346198
1768,1kmN3039E5039_32,0.9272865
1769,1kmN3039E5039_33,1.6842908
1778,1kmN3040E5022_13,0.29346198
1779,1kmN3040E5022_14,0.36216596
1782,1kmN3040E5022_23,0.29346198
1788,1kmN3040E5022_41,0.29346198
1813,1kmN3040E5024_22,0.30752933
1814,1kmN3040E5024_23,0.29346198
1824,1kmN3040E5025_11,0.29346198
1825,1kmN3040E5025_12,0.7123517
1826,1kmN3040E5025_13,0.46715912
1827,1kmN3040E5025_14,0.29346198
1828,1kmN3040E5025_21,0.9272865
1830,1kmN3040E5025_23,0.29346198
1831,1kmN3040E5025_24,0.46477702
1832,1kmN3040E5025_31,0.29346198
1833,1kmN3040E5025_32,0.36216596
1834,1kmN3040E5025_33,0.29346198
1836,1kmN3040E5025_41,0.29346198
1837,1kmN3040E5025_42,0.29346198
1841,1kmN3040E5026_12,0.29346198
1842,1kmN3040E5026_13,0.29346198
1844,1kmN3040E5026_21,0.29346198
1845,1kmN3040E5026_22,0.29346198
1846,1kmN3040E5026_23,0.29346198
1847,1kmN3040E5026_24,0.29346198
1848,1kmN3040E5026_31,0.47568065
1849,1kmN3040E5026_32,0.29346198
1851,1kmN3040E5026_34,0.30752933
1853,1kmN3040E5026_42,0.29346198
1854,1kmN3040E5026_43,0.46715912
1856,1kmN3040E5027_11,0.29346198
1857,1kmN3040E5027_12,0.29346198
1859,1kmN3040E5027_14,0.29346198
1864,1kmN3040E5027_31,0.29346198
1865,1kmN3040E5027_32,0.29346198
1868,1kmN3040E5027_41,0.29346198
1869,1kmN3040E5027_42,0.36216596
1870,1kmN3040E5027_43,0.29346198
1871,1kmN3040E5027_44,0.29346198
1872,1kmN3040E5028_11,0.29346198
1873,1kmN3040E5028_12,0.9272865
1874,1kmN3040E5028_13,0.9205973
1875,1kmN3040E5028_14,0.38824233
1876,1kmN3040E5028_21,0.29346198
1877,1kmN3040E5028_22,0.29346198
1879,1kmN3040E5028_24,0.9272865
1880,1kmN3040E5028_31,1.6269361
1882,1kmN3040E5028_33,0.29346198
1883,1kmN3040E5028_34,0.96407676
1884,1kmN3040E5028_41,0.29346198
1885,1kmN3040E5028_42,0.96407676
1887,1kmN3040E5028_44,0.29346198
1888,1kmN3040E5029_11,1.4997764
1889,1kmN3040E5029_12,2.1019716
1890,1kmN3040E5029_13,1.8412826
1891,1kmN3040E5029_14,1.9481292
1892,1kmN3040E5029_21,2.1019716
1893,1kmN3040E5029_22,1.4049436
1894,1kmN3040E5029_23,2.0008821
1895,1kmN3040E5029_24,2.1019716
1896,1kmN3040E5029_31,1.9481292
1897,1kmN3040E5029_32,2.0008821
1898,1kmN3040E5029_33,0.6092034
1899,1kmN3040E5029_34,1.0106554
1900,1kmN3040E5029_41,1.8470397
1901,1kmN3040E5029_42,1.4129422
1902,1kmN3040E5029_43,0.3336057
1903,1kmN3040E5029_44,0.9738651
1904,1kmN3040E5030_11,1.5238212
1905,1kmN3040E5030_12,1.4997764
1906,1kmN3040E5030_13,0.4785057
1907,1kmN3040E5030_14,1.9481292
1908,1kmN3040E5030_21,2.1019716
1909,1kmN3040E5030_22,1.5232627
1910,1kmN3040E5030_23,1.9857653
1911,1kmN3040E5030_24,1.9857653
1912,1kmN3040E5030_31,1.0106554
1913,1kmN3040E5030_32,1.2634571
1915,1kmN3040E5030_34,1.8525363
1916,1kmN3040E5030_41,1.4129422
1917,1kmN3040E5030_42,1.0280812
1918,1kmN3040E5030_43,1.4129422
1919,1kmN3040E5030_44,1.4049436
1920,1kmN3040E5031_11,1.9857653
1921,1kmN3040E5031_12,1.4997764
1922,1kmN3040E5031_13,1.6243526
1923,1kmN3040E5031_14,2.075202
1924,1kmN3040E5031_21,0.96407676
1926,1kmN3040E5031_23,0.29346198
1927,1kmN3040E5031_24,1.0280812
1928,1kmN3040E5031_31,1.4049436
1929,1kmN3040E5031_32,0.29346198
1931,1kmN3040E5031_34,1.4997764
1932,1kmN3040E5031_41,3.8767223
1933,1kmN3040E5031_42,2.0407414
1934,1kmN3040E5031_43,1.9857653
1935,1kmN3040E5031_44,1.510379
1936,1kmN3040E5032_11,1.2010357
1937,1kmN3040E5032_12,1.4049436
1939,1kmN3040E5032_14,0.4785057
1941,1kmN3040E5032_22,1.4917777
1942,1kmN3040E5032_23,1.2883278
1944,1kmN3040E5032_31,1.4049436
1945,1kmN3040E5032_32,1.4997764
1946,1kmN3040E5032_33,0.4785057
1947,1kmN3040E5032_34,1.0106554
1948,1kmN3040E5032_41,0.54720974
1950,1kmN3040E5032_43,0.9489943
1951,1kmN3040E5032_44,1.0586662
1952,1kmN3040E5033_11,1.6554569
1953,1kmN3040E5033_12,0.29346198
1955,1kmN3040E5033_14,1.2634571
1956,1kmN3040E5033_21,0.38824233
1957,1kmN3040E5033_22,0.29346198
1960,1kmN3040E5033_31,0.54720974
1961,1kmN3040E5033_32,1.4917777
1962,1kmN3040E5033_33,1.4997764
1963,1kmN3040E5033_34,1.0586662
1964,1kmN3040E5033_41,1.2883278
1965,1kmN3040E5033_42,1.4049436
1966,1kmN3040E5033_43,1.4129422
1967,1kmN3040E5033_44,0.96407676
1968,1kmN3040E5034_11,1.6554569
1970,1kmN3040E5034_13,1.5238212
1971,1kmN3040E5034_14,2.1019716
1972,1kmN3040E5034_21,1.4917777
1973,1kmN3040E5034_22,1.4129422
1974,1kmN3040E5034_23,1.8846759
1975,1kmN3040E5034_24,1.4997764
1976,1kmN3040E5034_31,1.5407895
1977,1kmN3040E5034_32,1.4049436
1978,1kmN3040E5034_33,0.9205973
1979,1kmN3040E5034_34,0.9738651
1980,1kmN3040E5034_41,1.4129422
1981,1kmN3040E5034_42,1.8653275
1982,1kmN3040E5034_43,0.54720974
1983,1kmN3040E5034_44,1.2634571
1986,1kmN3040E5035_13,0.29346198
1996,1kmN3040E5035_41,0.29346198
1997,1kmN3040E5035_42,0.29346198
1999,1kmN3040E5035_44,1.6554569
2000,1kmN3040E5036_11,0.4785057
2003,1kmN3040E5036_14,0.29346198
2010,1kmN3040E5036_33,0.29346198
2012,1kmN3040E5036_41,0.29346198
2014,1kmN3040E5036_43,0.29346198
2020,1kmN3040E5037_21,0.29346198
2021,1kmN3040E5037_22,0.4785057
2031,1kmN3040E5037_44,0.29346198
2045,1kmN3040E5038_42,0.29346198
2070,1kmN3041E5020_12,0.36216596
2072,1kmN3041E5020_21,0.30752933
2083,1kmN3041E5021_33,0.29346198
2089,1kmN3041E5022_11,0.29346198
2090,1kmN3041E5022_12,0.9272865
2091,1kmN3041E5022_13,0.36216596
2092,1kmN3041E5022_14,0.29346198
2093,1kmN3041E5022_21,0.36216596
2094,1kmN3041E5022_22,0.29346198
2095,1kmN3041E5022_23,0.38824233
2096,1kmN3041E5022_24,0.36216596
2097,1kmN3041E5022_31,0.29346198
2098,1kmN3041E5022_32,0.30752933
2101,1kmN3041E5022_41,0.30752933
2104,1kmN3041E5022_44,0.29346198
2112,1kmN3041E5023_24,0.29346198
2116,1kmN3041E5023_34,0.30752933
2117,1kmN3041E5023_41,0.36216596
2118,1kmN3041E5023_42,0.29346198
2119,1kmN3041E5023_43,0.29346198
2120,1kmN3041E5023_44,0.29346198
2121,1kmN3041E5024_11,0.29346198
2122,1kmN3041E5024_12,0.29346198
2124,1kmN3041E5024_14,0.29346198
2130,1kmN3041E5024_32,0.29346198
2133,1kmN3041E5024_41,0.29346198
2136,1kmN3041E5024_44,0.29346198
2138,1kmN3041E5025_12,0.29346198
2139,1kmN3041E5025_13,0.29346198
2140,1kmN3041E5025_14,0.36216596
2144,1kmN3041E5025_24,0.29346198
2145,1kmN3041E5025_31,0.29346198
2148,1kmN3041E5025_34,0.29346198
2149,1kmN3041E5025_41,0.9205973
2150,1kmN3041E5025_42,0.47568065
2151,1kmN3041E5025_43,0.29346198
2152,1kmN3041E5025_44,0.29346198
2153,1kmN3041E5026_11,0.7549317
2156,1kmN3041E5026_14,0.29346198
2165,1kmN3041E5026_41,0.49257305
2167,1kmN3041E5026_43,0.29346198
2168,1kmN3041E5026_44,0.4785057
2169,1kmN3041E5027_11,0.29346198
2170,1kmN3041E5027_12,0.96407676
2171,1kmN3041E5027_13,0.7871505
2172,1kmN3041E5027_14,0.7549317
2173,1kmN3041E5027_21,0.36216596
2178,1kmN3041E5027_32,0.29346198
2181,1kmN3041E5027_41,1.2883278
2182,1kmN3041E5027_42,0.6170048
2183,1kmN3041E5027_43,1.2010357
2184,1kmN3041E5027_44,1.0106554
2185,1kmN3041E5028_11,1.7670654
2186,1kmN3041E5028_12,2.1019716
2187,1kmN3041E5028_13,1.5720496
2188,1kmN3041E5028_14,0.96407676
2189,1kmN3041E5028_21,1.9857653
2190,1kmN3041E5028_22,1.4917777
2191,1kmN3041E5028_23,0.4785057
2192,1kmN3041E5028_24,1.0106554
2193,1kmN3041E5028_31,1.0280812
2194,1kmN3041E5028_32,0.6801328
2195,1kmN3041E5028_33,0.9272865
2196,1kmN3041E5028_34,0.46715912
2197,1kmN3041E5028_41,0.29346198
2198,1kmN3041E5028_42,0.9272865
2199,1kmN3041E5028_43,0.47568065
2201,1kmN3041E5029_11,1.9972644
2202,1kmN3041E5029_12,1.4917777
2203,1kmN3041E5029_13,1.6068963
2204,1kmN3041E5029_14,2.0407414
2205,1kmN3041E5029_21,1.510379
2206,1kmN3041E5029_22,1.4997764
2207,1kmN3041E5029_23,2.0407414
2208,1kmN3041E5029_24,1.9857653
2209,1kmN3041E5029_31,1.5238212
2210,1kmN3041E5029_32,2.0078669
2211,1kmN3041E5029_33,1.4997764
2212,1kmN3041E5029_34,1.9481292
2213,1kmN3041E5029_41,2.5317361
2214,1kmN3041E5029_42,2.1822095
2215,1kmN3041E5029_43,1.9857653
2216,1kmN3041E5029_44,1.9857653
2217,1kmN3041E5030_11,2.1019716
2218,1kmN3041E5030_12,2.0407414
2219,1kmN3041E5030_13,2.0407414
2220,1kmN3041E5030_14,2.0407414
2221,1kmN3041E5030_21,2.0407414
2222,1kmN3041E5030_22,2.5317361
2223,1kmN3041E5030_23,1.9857653
2224,1kmN3041E5030_24,2.5317361
2225,1kmN3041E5030_31,2.0078669
2226,1kmN3041E5030_32,2.3944201
2227,1kmN3041E5030_33,1.1676273
2228,1kmN3041E5030_34,1.4997764
2229,1kmN3041E5030_41,1.8412826
2230,1kmN3041E5030_42,1.6243526
2231,1kmN3041E5030_43,1.4997764
2232,1kmN3041E5030_44,1.510379
2233,1kmN3041E5031_11,1.4917777
2236,1kmN3041E5031_14,1.9481292
2237,1kmN3041E5031_21,1.4129422
2238,1kmN3041E5031_22,1.4997764
2239,1kmN3041E5031_23,2.0078669
2240,1kmN3041E5031_24,1.4917777
2241,1kmN3041E5031_31,1.6243526
2242,1kmN3041E5031_32,1.6840904
2243,1kmN3041E5031_33,1.4917777
2244,1kmN3041E5031_34,2.0078669
2245,1kmN3041E5031_41,1.9857653
2246,1kmN3041E5031_42,1.4917777
2247,1kmN3041E5031_43,1.9857653
2248,1kmN3041E5031_44,1.4917777
2254,1kmN3041E5032_22,0.4785057
2255,1kmN3041E5032_23,0.9272865
2256,1kmN3041E5032_24,0.29346198
2258,1kmN3041E5032_32,0.9738651
2259,1kmN3041E5032_33,1.4049436
2260,1kmN3041E5032_34,1.2883278
2263,1kmN3041E5032_43,1.2634571
2265,1kmN3041E5033_11,1.8525363
2266,1kmN3041E5033_12,1.0106554
2267,1kmN3041E5033_13,0.4785057
2268,1kmN3041E5033_14,0.4785057
2269,1kmN3041E5033_21,2.075202
2270,1kmN3041E5033_22,0.54720974
2271,1kmN3041E5033_23,1.1525669
2272,1kmN3041E5033_24,1.4129422
2274,1kmN3041E5033_32,1.7623037
2275,1kmN3041E5033_33,0.9489943
2276,1kmN3041E5033_34,0.44960424
2277,1kmN3041E5033_41,0.29346198
2278,1kmN3041E5033_42,0.29346198
2280,1kmN3041E5033_44,0.29346198
2285,1kmN3041E5034_21,1.0280812
2286,1kmN3041E5034_22,1.9857653
2287,1kmN3041E5034_23,1.9481292
2288,1kmN3041E5034_24,1.2883278
2289,1kmN3041E5034_31,0.4785057
2290,1kmN3041E5034_32,0.4785057
2291,1kmN3041E5034_33,0.9738651
2292,1kmN3041E5034_34,1.4129422
2293,1kmN3041E5034_41,0.9738651
2294,1kmN3041E5034_42,1.0106554
2295,1kmN3041E5034_43,1.0106554
2306,1kmN3041E5035_32,0.29346198
2309,1kmN3041E5035_41,0.29346198
2312,1kmN3041E5035_44,0.29346198
2313,1kmN3041E5036_11,0.29346198
2314,1kmN3041E5036_12,0.29346198
2315,1kmN3041E5036_13,0.29346198
2316,1kmN3041E5036_14,0.29346198
2317,1kmN3041E5036_21,0.29346198
2318,1kmN3041E5036_22,0.6135617
2319,1kmN3041E5036_23,0.36216596
2320,1kmN3041E5036_24,0.30752933
2321,1kmN3041E5036_31,0.29346198
2322,1kmN3041E5036_32,0.29346198
2326,1kmN3041E5036_42,0.36216596
2327,1kmN3041E5036_43,0.29346198
2329,1kmN3041E5037_11,0.36216596
2330,1kmN3041E5037_12,0.29346198
2331,1kmN3041E5037_13,0.36216596
2333,1kmN3041E5037_21,0.29346198
2337,1kmN3041E5037_31,0.47568065
2338,1kmN3041E5037_32,0.4785057
2339,1kmN3041E5037_33,0.49257305
2340,1kmN3041E5037_34,0.29346198
2342,1kmN3041E5037_42,0.29346198
2343,1kmN3041E5037_43,0.36216596
2344,1kmN3041E5037_44,0.29346198
2345,1kmN3041E5038_11,0.29346198
2346,1kmN3041E5038_12,0.3741055
2347,1kmN3041E5038_13,0.30752933
2349,1kmN3041E5038_21,0.29346198
2352,1kmN3041E5038_24,0.36216596
2353,1kmN3041E5038_31,0.38824233
2356,1kmN3041E5038_34,0.30752933
2358,1kmN3041E5038_42,0.29346198
2359,1kmN3041E5038_43,0.30752933
2360,1kmN3041E5038_44,0.29346198
2362,1kmN3041E5039_12,0.29346198
2363,1kmN3041E5039_13,0.29346198
2364,1kmN3041E5039_14,0.29346198
2365,1kmN3041E5039_21,0.30752933
2368,1kmN3041E5039_24,0.29346198
2369,1kmN3041E5039_31,0.29346198
2371,1kmN3041E5039_33,0.29346198
2372,1kmN3041E5039_34,0.29346198
2373,1kmN3041E5039_41,0.29346198
2374,1kmN3041E5039_42,0.29346198
2375,1kmN3041E5039_43,0.38824233
2376,1kmN3041E5039_44,0.36216596
2381,1kmN3041E5040_24,0.29346198
2382,1kmN3041E5040_31,0.29346198
2385,1kmN3041E5040_34,0.3336057
2387,1kmN3041E5040_42,0.29346198
2388,1kmN3041E5040_43,0.30752933
2389,1kmN3041E5040_44,0.29346198
2406,1kmN3042E5021_21,0.29346198
2407,1kmN3042E5021_22,0.29346198
2418,1kmN3042E5022_11,0.46715912
2419,1kmN3042E5022_12,0.30752933
2420,1kmN3042E5022_13,0.46715912
2421,1kmN3042E5022_14,0.29346198
2422,1kmN3042E5022_21,0.3741055
2423,1kmN3042E5022_22,0.29346198
2424,1kmN3042E5022_23,0.38824233
2425,1kmN3042E5022_24,0.47568065
2426,1kmN3042E5022_31,0.29346198
2427,1kmN3042E5022_32,0.38824233
2428,1kmN3042E5022_33,0.29346198
2430,1kmN3042E5022_41,0.29346198
2433,1kmN3042E5022_44,0.30752933
2434,1kmN3042E5023_11,0.46715912
2435,1kmN3042E5023_12,0.29346198
2436,1kmN3042E5023_13,0.29346198
2438,1kmN3042E5023_21,0.9205973
2439,1kmN3042E5023_22,0.29346198
2440,1kmN3042E5023_23,0.47568065
2441,1kmN3042E5023_24,0.9272865
2442,1kmN3042E5023_31,0.96407676
2443,1kmN3042E5023_32,0.46715912
2445,1kmN3042E5023_34,0.38824233
2448,1kmN3042E5023_43,0.29346198
2449,1kmN3042E5023_44,0.29346198
2450,1kmN3042E5024_11,0.29346198
2451,1kmN3042E5024_12,0.7123517
2452,1kmN3042E5024_13,0.9205973
2453,1kmN3042E5024_14,0.29346198
2454,1kmN3042E5024_21,0.9205973
2455,1kmN3042E5024_22,0.45064023
2456,1kmN3042E5024_23,0.47568065
2457,1kmN3042E5024_24,0.9205973
2458,1kmN3042E5024_31,0.47568065
2459,1kmN3042E5024_32,0.36216596
2460,1kmN3042E5024_33,0.29346198
2461,1kmN3042E5024_34,0.9272865
2462,1kmN3042E5024_41,0.46477702
2463,1kmN3042E5024_42,0.9272865
2464,1kmN3042E5024_43,0.46715912
2465,1kmN3042E5024_44,0.29346198
2466,1kmN3042E5025_11,0.29346198
2467,1kmN3042E5025_12,0.9205973
2468,1kmN3042E5025_13,0.9272865
2469,1kmN3042E5025_14,0.29346198
2470,1kmN3042E5025_21,0.9738651
2471,1kmN3042E5025_22,0.7549317
2472,1kmN3042E5025_23,0.38824233
2473,1kmN3042E5025_24,0.9205973
2474,1kmN3042E5025_31,0.47568065
2475,1kmN3042E5025_32,0.29346198
2476,1kmN3042E5025_33,0.38824233
2477,1kmN3042E5025_34,0.9205973
2478,1kmN3042E5025_41,0.9205973
2479,1kmN3042E5025_42,0.9272865
2480,1kmN3042E5025_43,0.36216596
2481,1kmN3042E5025_44,0.46154383
2482,1kmN3042E5026_11,0.6092034
2483,1kmN3042E5026_12,0.29346198
2484,1kmN3042E5026_13,0.29346198
2485,1kmN3042E5026_14,0.54720974
2486,1kmN3042E5026_21,0.29346198
2487,1kmN3042E5026_22,0.9489943
2488,1kmN3042E5026_23,0.47568065
2489,1kmN3042E5026_24,0.47568065
2490,1kmN3042E5026_31,0.9738651
2491,1kmN3042E5026_32,0.9489943
2492,1kmN3042E5026_33,0.30752933
2493,1kmN3042E5026_34,0.9738651
2494,1kmN3042E5026_41,0.47568065
2495,1kmN3042E5026_42,0.44108272
2496,1kmN3042E5026_43,0.47568065
2497,1kmN3042E5026_44,0.36216596
2498,1kmN3042E5027_11,0.29346198
2499,1kmN3042E5027_12,1.0586662
2500,1kmN3042E5027_13,0.9489943
2501,1kmN3042E5027_14,0.54720974
2502,1kmN3042E5027_21,0.29346198
2505,1kmN3042E5027_24,0.36216596
2507,1kmN3042E5027_32,0.4785057
2508,1kmN3042E5027_33,0.6092034
2509,1kmN3042E5027_34,0.29346198
2510,1kmN3042E5027_41,1.0280812
2514,1kmN3042E5028_11,1.5078217
2515,1kmN3042E5028_12,0.4785057
2516,1kmN3042E5028_13,1.1676273
2517,1kmN3042E5028_14,1.0106554
2518,1kmN3042E5028_21,0.29346198
2519,1kmN3042E5028_22,0.4785057
2526,1kmN3042E5028_41,1.0586662
2528,1kmN3042E5028_43,1.1676273
2529,1kmN3042E5028_44,1.2010357
2530,1kmN3042E5029_11,1.9010204
2531,1kmN3042E5029_12,1.510379
2532,1kmN3042E5029_13,2.0078669
2533,1kmN3042E5029_14,2.323771
2534,1kmN3042E5029_21,1.6840904
2535,1kmN3042E5029_22,1.4997764
2536,1kmN3042E5029_23,2.5317361
2537,1kmN3042E5029_24,1.9010204
2538,1kmN3042E5029_31,2.0407414
2539,1kmN3042E5029_32,1.6243526
2542,1kmN3042E5029_41,2.0407414
2543,1kmN3042E5029_42,1.8470397
2544,1kmN3042E5029_43,1.5238212
2545,1kmN3042E5029_44,1.510379
2546,1kmN3042E5030_11,1.4997764
2547,1kmN3042E5030_12,1.8412826
2548,1kmN3042E5030_13,1.510379
2549,1kmN3042E5030_14,1.5819031
2550,1kmN3042E5030_21,2.1019716
2551,1kmN3042E5030_22,1.9010204
2552,1kmN3042E5030_23,2.075202
2553,1kmN3042E5030_24,2.0078669
2554,1kmN3042E5030_31,1.6254977
2555,1kmN3042E5030_32,1.4997764
2556,1kmN3042E5030_33,1.4997764
2557,1kmN3042E5030_34,1.9010204
2558,1kmN3042E5030_41,1.6254977
2559,1kmN3042E5030_42,2.130178
2560,1kmN3042E5030_43,1.6970217
2561,1kmN3042E5030_44,2.323771
2562,1kmN3042E5031_11,1.4129422
2563,1kmN3042E5031_12,1.2883278
2564,1kmN3042E5031_13,0.36216596
2566,1kmN3042E5031_21,1.4917777
2567,1kmN3042E5031_22,1.9481292
2568,1kmN3042E5031_23,2.075202
2569,1kmN3042E5031_24,1.5238212
2570,1kmN3042E5031_31,1.4997764
2571,1kmN3042E5031_32,2.1019716
2572,1kmN3042E5031_33,2.1019716
2573,1kmN3042E5031_34,1.0423019
2574,1kmN3042E5031_41,1.1676273
2576,1kmN3042E5031_43,1.4997764
2577,1kmN3042E5031_44,1.4049436
2578,1kmN3042E5032_11,1.0280812
2579,1kmN3042E5032_12,1.7401931
2580,1kmN3042E5032_13,1.4156547
2582,1kmN3042E5032_21,1.0586662
2585,1kmN3042E5032_24,1.2883278
2586,1kmN3042E5032_31,1.8470397
2588,1kmN3042E5032_33,1.4049436
2589,1kmN3042E5032_34,1.9857653
2590,1kmN3042E5032_41,0.4785057
2591,1kmN3042E5032_42,2.0008821
2592,1kmN3042E5032_43,1.8953582
2593,1kmN3042E5032_44,2.1019716
2605,1kmN3042E5033_34,1.8525363
2606,1kmN3042E5033_41,0.96407676
2607,1kmN3042E5033_42,0.54720974
2608,1kmN3042E5033_43,2.0008821
2609,1kmN3042E5033_44,1.6537058
2612,1kmN3042E5034_13,0.29346198
2613,1kmN3042E5034_14,0.29346198
2614,1kmN3042E5034_21,0.29346198
2617,1kmN3042E5034_24,0.29346198
2622,1kmN3042E5034_41,0.29346198
2623,1kmN3042E5034_42,0.29346198
2626,1kmN3042E5035_11,0.29346198
2627,1kmN3042E5035_12,0.29346198
2628,1kmN3042E5035_13,0.29346198
2629,1kmN3042E5035_14,0.29346198
2631,1kmN3042E5035_22,0.29346198
2635,1kmN3042E5035_32,0.29346198
2640,1kmN3042E5035_43,0.29346198
2642,1kmN3042E5036_11,0.34809864
2644,1kmN3042E5036_13,0.29346198
2646,1kmN3042E5036_21,0.29346198
2649,1kmN3042E5036_24,0.29346198
2650,1kmN3042E5036_31,0.29346198
2653,1kmN3042E5036_34,0.29346198
2655,1kmN3042E5036_42,0.29346198
2656,1kmN3042E5036_43,0.29346198
2657,1kmN3042E5036_44,0.4785057
2658,1kmN3042E5037_11,0.9272865
2659,1kmN3042E5037_12,0.29346198
2660,1kmN3042E5037_13,0.29346198
2661,1kmN3042E5037_14,0.6801328
2663,1kmN3042E5037_22,0.29346198
2666,1kmN3042E5037_31,0.29346198
2669,1kmN3042E5037_34,0.29346198
2670,1kmN3042E5037_41,0.29346198
2671,1kmN3042E5037_42,0.29346198
2672,1kmN3042E5037_43,0.36216596
2673,1kmN3042E5037_44,0.29346198
2678,1kmN3042E5038_21,0.29346198
2679,1kmN3042E5038_22,0.30752933
2684,1kmN3042E5038_33,0.30752933
2686,1kmN3042E5038_41,0.29346198
2688,1kmN3042E5038_43,0.29346198
2689,1kmN3042E5038_44,0.38824233
2694,1kmN3042E5039_21,0.29346198
2696,1kmN3042E5039_23,0.29346198
2697,1kmN3042E5039_24,0.29346198
2698,1kmN3042E5039_31,0.29346198
2699,1kmN3042E5039_32,0.30752933
2700,1kmN3042E5039_33,0.3741055
2701,1kmN3042E5039_34,0.29346198
2702,1kmN3042E5039_41,0.29346198
2705,1kmN3042E5039_44,0.29346198
2714,1kmN3042E5040_31,0.29346198
2715,1kmN3042E5040_32,0.29346198
2716,1kmN3042E5040_33,0.30752933
2717,1kmN3042E5040_34,0.30752933
2723,1kmN3042E5041_12,0.29346198
2726,1kmN3042E5041_21,0.29346198
2729,1kmN3042E5041_24,0.29346198
2737,1kmN3042E5042_11,0.29346198
2738,1kmN3042E5042_12,0.29346198
2744,1kmN3042E5042_31,0.29346198
2747,1kmN3042E5042_34,0.29346198
2751,1kmN3042E5042_44,0.29346198
2752,1kmN3042E5043_11,0.29346198
2753,1kmN3042E5043_12,0.29346198
2754,1kmN3042E5043_13,0.29346198
2755,1kmN3042E5043_14,0.29346198
2756,1kmN3042E5043_21,0.29346198
2759,1kmN3042E5043_24,0.29346198
2760,1kmN3042E5043_31,0.29346198
2763,1kmN3042E5043_41,0.29346198
2764,1kmN3042E5043_42,0.29346198
2774,1kmN3042E5044_44,0.29346198
2778,1kmN3042E5045_14,0.29346198
2782,1kmN3042E5046_41,0.29346198
2802,1kmN3043E5022_22,0.29346198
2803,1kmN3043E5022_23,0.29346198
2804,1kmN3043E5022_24,0.29346198
2806,1kmN3043E5022_32,0.29346198
2807,1kmN3043E5022_33,0.29346198
2813,1kmN3043E5023_11,0.54720974
2816,1kmN3043E5023_14,1.2010357
2817,1kmN3043E5023_21,0.29346198
2818,1kmN3043E5023_22,0.29346198
2819,1kmN3043E5023_23,0.29346198
2825,1kmN3043E5023_41,1.2010357
2827,1kmN3043E5023_43,0.29346198
2828,1kmN3043E5023_44,0.9489943
2829,1kmN3043E5024_11,0.4785057
2831,1kmN3043E5024_13,0.4785057
2832,1kmN3043E5024_14,0.29346198
2833,1kmN3043E5024_21,0.29346198
2834,1kmN3043E5024_22,0.29346198
2835,1kmN3043E5024_23,0.29346198
2836,1kmN3043E5024_24,0.29346198
2837,1kmN3043E5024_31,0.29346198
2838,1kmN3043E5024_32,0.29346198
2839,1kmN3043E5024_33,0.29346198
2840,1kmN3043E5024_34,0.29346198
2841,1kmN3043E5024_41,0.6135617
2842,1kmN3043E5024_42,0.4785057
2844,1kmN3043E5024_44,0.30752933
2845,1kmN3043E5025_11,2.0008821
2846,1kmN3043E5025_12,1.2634571
2847,1kmN3043E5025_13,0.9489943
2848,1kmN3043E5025_14,1.4049436
2849,1kmN3043E5025_21,0.9272865
2850,1kmN3043E5025_22,0.46715912
2851,1kmN3043E5025_23,0.29346198
2852,1kmN3043E5025_24,0.29346198
2857,1kmN3043E5025_41,0.29346198
2859,1kmN3043E5025_44,0.96407676
2860,1kmN3043E5026_11,2.1019716
2861,1kmN3043E5026_12,1.4129422
2862,1kmN3043E5026_13,0.9738651
2863,1kmN3043E5026_14,1.0106554
2864,1kmN3043E5026_21,1.7623037
2865,1kmN3043E5026_22,0.9738651
2866,1kmN3043E5026_23,1.0106554
2867,1kmN3043E5026_24,1.0106554
2868,1kmN3043E5026_31,0.9272865
2869,1kmN3043E5026_32,0.29346198
2870,1kmN3043E5026_33,0.29346198
2871,1kmN3043E5026_34,0.96407676
2872,1kmN3043E5026_41,2.0008821
2873,1kmN3043E5026_42,1.2634571
2874,1kmN3043E5026_43,1.2010357
2875,1kmN3043E5026_44,2.1019716
2877,1kmN3043E5027_12,1.4997764
2878,1kmN3043E5027_13,2.1019716
2879,1kmN3043E5027_14,1.7623037
2880,1kmN3043E5027_21,1.8953582
2881,1kmN3043E5027_22,1.4049436
2882,1kmN3043E5027_23,1.4156547
2883,1kmN3043E5027_24,1.6554569
2884,1kmN3043E5027_31,1.4129422
2885,1kmN3043E5027_32,1.2883278
2886,1kmN3043E5027_33,1.2883278
2887,1kmN3043E5027_34,1.2883278
2888,1kmN3043E5027_41,2.1019716
2889,1kmN3043E5027_42,2.1019716
2890,1kmN3043E5027_43,1.4997764
2891,1kmN3043E5027_44,1.9481292
2892,1kmN3043E5028_11,2.0349007
2893,1kmN3043E5028_12,2.1019716
2894,1kmN3043E5028_13,2.3944201
2895,1kmN3043E5028_14,1.9810036
2896,1kmN3043E5028_21,2.1019716
2897,1kmN3043E5028_22,2.1019716
2898,1kmN3043E5028_23,2.075202
2899,1kmN3043E5028_24,2.1019716
2900,1kmN3043E5028_31,2.1019716
2901,1kmN3043E5028_32,1.8412826
2902,1kmN3043E5028_33,1.9857653
2903,1kmN3043E5028_34,2.0008821
2904,1kmN3043E5028_41,1.9857653
2905,1kmN3043E5028_42,2.1019716
2906,1kmN3043E5028_43,1.8953582
2907,1kmN3043E5028_44,1.0995569
2908,1kmN3043E5029_11,3.4496732
2909,1kmN3043E5029_12,5.803084
2910,1kmN3043E5029_13,6.8217454
2911,1kmN3043E5029_14,6.8217454
2912,1kmN3043E5029_21,4.006505
2913,1kmN3043E5029_22,2.0407414
2914,1kmN3043E5029_23,2.5317361
2915,1kmN3043E5029_24,6.8217454
2916,1kmN3043E5029_31,3.8767223
2917,1kmN3043E5029_32,1.8846759
2918,1kmN3043E5029_33,1.5819031
2919,1kmN3043E5029_34,2.5317361
2920,1kmN3043E5029_41,5.803084
2921,1kmN3043E5029_42,3.8767223
2922,1kmN3043E5029_43,1.9010204
2923,1kmN3043E5029_44,3.8767223
2927,1kmN3043E5030_14,1.4049436
2928,1kmN3043E5030_21,1.4997764
2929,1kmN3043E5030_22,1.510379
2930,1kmN3043E5030_23,1.510379
2931,1kmN3043E5030_24,1.4917777
2932,1kmN3043E5030_31,1.9010204
2933,1kmN3043E5030_32,1.9010204
2934,1kmN3043E5030_33,2.3944201
2935,1kmN3043E5030_34,2.8984077
2937,1kmN3043E5030_42,1.4997764
2938,1kmN3043E5030_43,2.3748045
2940,1kmN3043E5031_11,1.4129422
2941,1kmN3043E5031_12,1.9481292
2942,1kmN3043E5031_13,1.9857653
2943,1kmN3043E5031_14,1.7670654
2944,1kmN3043E5031_21,1.9857653
2945,1kmN3043E5031_22,1.7401931
2947,1kmN3043E5031_24,1.8412826
2948,1kmN3043E5031_31,1.4997764
2949,1kmN3043E5031_32,1.8470397
2950,1kmN3043E5031_33,1.9857653
2951,1kmN3043E5031_34,1.8412826
2952,1kmN3043E5031_41,1.2634571
2953,1kmN3043E5031_42,1.4917777
2954,1kmN3043E5031_43,1.4049436
2956,1kmN3043E5032_11,1.4156547
2957,1kmN3043E5032_12,0.9738651
2959,1kmN3043E5032_14,1.5232627
2961,1kmN3043E5032_22,0.9205973
2962,1kmN3043E5032_23,1.4049436
2963,1kmN3043E5032_24,1.4049436
2964,1kmN3043E5032_31,1.0995569
2965,1kmN3043E5032_32,1.4917777
2966,1kmN3043E5032_33,1.4997764
2967,1kmN3043E5032_34,1.9857653
2968,1kmN3043E5032_41,0.4785057
2969,1kmN3043E5032_42,1.4049436
2970,1kmN3043E5032_43,1.4997764
2971,1kmN3043E5032_44,1.2883278
2977,1kmN3043E5033_22,0.29346198
2978,1kmN3043E5033_23,0.29346198
2979,1kmN3043E5033_24,1.4917777
2982,1kmN3043E5033_33,0.96407676
2984,1kmN3043E5033_41,1.6254977
2985,1kmN3043E5033_42,1.0280812
2986,1kmN3043E5033_43,1.4917777
2987,1kmN3043E5033_44,1.6254977
2988,1kmN3043E5034_11,0.96407676
2989,1kmN3043E5034_12,0.4785057
2992,1kmN3043E5034_21,0.9272865
2993,1kmN3043E5034_22,0.4785057
2997,1kmN3043E5034_32,0.29346198
2998,1kmN3043E5034_33,0.29346198
2999,1kmN3043E5034_34,0.29346198
3004,1kmN3043E5035_11,0.4785057
3005,1kmN3043E5035_12,1.0280812
3006,1kmN3043E5035_13,1.2883278
3008,1kmN3043E5035_21,1.657521
3009,1kmN3043E5035_22,0.29346198
3011,1kmN3043E5035_24,0.6170048
3012,1kmN3043E5035_31,0.44108272
3015,1kmN3043E5035_34,0.4785057
3016,1kmN3043E5035_41,1.2234323
3017,1kmN3043E5035_42,1.0586662
3018,1kmN3043E5035_43,1.2883278
3019,1kmN3043E5035_44,0.9489943
3023,1kmN3043E5036_14,1.0106554
3025,1kmN3043E5036_22,0.29346198
3026,1kmN3043E5036_23,0.49257305
3027,1kmN3043E5036_24,0.4785057
3028,1kmN3043E5036_31,0.4785057
3029,1kmN3043E5036_32,0.30752933
3030,1kmN3043E5036_33,0.4785057
3031,1kmN3043E5036_34,1.1676273
3032,1kmN3043E5036_41,1.1116762
3034,1kmN3043E5036_43,0.9489943
3037,1kmN3043E5037_12,0.4785057
3038,1kmN3043E5037_13,0.29346198
3040,1kmN3043E5037_21,0.49257305
3041,1kmN3043E5037_22,0.6170048
3042,1kmN3043E5037_23,0.36216596
3043,1kmN3043E5037_24,0.29346198
3045,1kmN3043E5037_32,0.29346198
3047,1kmN3043E5037_34,0.29346198
3053,1kmN3043E5038_12,0.29346198
3054,1kmN3043E5038_13,0.29346198
3055,1kmN3043E5038_14,0.29346198
3056,1kmN3043E5038_21,0.29346198
3058,1kmN3043E5038_23,0.29346198
3059,1kmN3043E5038_24,0.36216596
3060,1kmN3043E5038_31,0.4785057
3061,1kmN3043E5038_32,0.49257305
3062,1kmN3043E5038_33,0.54720974
3063,1kmN3043E5038_34,0.46477702
3064,1kmN3043E5038_41,0.29346198
3066,1kmN3043E5038_43,0.54720974
3067,1kmN3043E5038_44,0.30752933
3069,1kmN3043E5039_12,0.29346198
3070,1kmN3043E5039_13,0.29346198
3071,1kmN3043E5039_14,0.43870062
3076,1kmN3043E5039_31,0.29346198
3077,1kmN3043E5039_32,0.29346198
3078,1kmN3043E5039_33,0.29346198
3079,1kmN3043E5039_34,0.29346198
3080,1kmN3043E5039_41,0.29346198
3081,1kmN3043E5039_42,0.29346198
3082,1kmN3043E5039_43,0.29346198
3096,1kmN3043E5040_41,0.29346198
3099,1kmN3043E5040_44,0.29346198
3100,1kmN3043E5041_11,0.29346198
3117,1kmN3043E5042_12,0.29346198
3118,1kmN3043E5042_13,0.29346198
3123,1kmN3043E5042_24,0.29346198
3128,1kmN3043E5042_41,0.29346198
3130,1kmN3043E5042_43,0.29346198
3131,1kmN3043E5042_44,0.29346198
3133,1kmN3043E5043_12,0.29346198
3134,1kmN3043E5043_13,0.29346198
3135,1kmN3043E5043_14,0.29346198
3136,1kmN3043E5043_21,0.29346198
3137,1kmN3043E5043_22,0.29346198
3138,1kmN3043E5043_23,0.29346198
3139,1kmN3043E5043_24,0.29346198
3141,1kmN3043E5043_32,0.29346198
3145,1kmN3043E5043_42,0.29346198
3146,1kmN3043E5043_43,0.29346198
3147,1kmN3043E5043_44,0.29346198
3148,1kmN3043E5044_11,0.29346198
3151,1kmN3043E5044_14,0.29346198
3156,1kmN3043E5044_31,0.29346198
3157,1kmN3043E5044_32,0.29346198
3158,1kmN3043E5044_33,0.29346198
3159,1kmN3043E5044_34,0.29346198
3161,1kmN3043E5044_42,0.29346198
3162,1kmN3043E5044_43,0.29346198
3170,1kmN3043E5045_23,0.29346198
3176,1kmN3043E5045_41,0.29346198
3182,1kmN3043E5046_13,0.29346198
3183,1kmN3043E5046_14,0.29346198
3186,1kmN3043E5046_23,0.29346198
3188,1kmN3043E5046_31,0.29346198
3189,1kmN3043E5046_32,0.29346198
3190,1kmN3043E5046_33,0.29346198
3192,1kmN3043E5046_41,0.29346198
3193,1kmN3043E5046_42,0.30752933
3195,1kmN3043E5046_44,0.29346198
3196,1kmN3043E5047_11,0.29346198
3204,1kmN3043E5047_41,0.30752933
3205,1kmN3043E5047_42,0.29346198
3214,1kmN3043E5048_41,0.29346198
3217,1kmN3043E5048_44,0.29346198
3219,1kmN3043E5049_14,0.29346198
3223,1kmN3043E5049_41,0.29346198
3224,1kmN3043E5049_42,0.29346198
3226,1kmN3043E5049_44,0.29346198
3227,1kmN3044E5022_11,0.29346198
3229,1kmN3044E5022_13,0.29346198
3230,1kmN3044E5022_21,0.29346198
3231,1kmN3044E5022_22,0.29346198
3236,1kmN3044E5022_33,0.29346198
3237,1kmN3044E5022_34,0.29346198
3243,1kmN3044E5023_22,0.4785057
3244,1kmN3044E5023_23,1.8525363
3245,1kmN3044E5023_24,1.4129422
3246,1kmN3044E5023_31,1.6554569
3247,1kmN3044E5023_32,1.2883278
3248,1kmN3044E5023_33,1.2010357
3249,1kmN3044E5023_34,1.205394
3251,1kmN3044E5023_42,0.9489943
3252,1kmN3044E5023_43,0.4785057
3253,1kmN3044E5023_44,0.29346198
3260,1kmN3044E5024_23,0.4785057
3263,1kmN3044E5024_32,0.4785057
3264,1kmN3044E5024_33,0.6801328
3265,1kmN3044E5024_34,0.3741055
3270,1kmN3044E5025_11,0.9489943
3271,1kmN3044E5025_12,1.4129422
3272,1kmN3044E5025_13,1.3363388
3273,1kmN3044E5025_14,0.6135617
3274,1kmN3044E5025_21,1.4049436
3275,1kmN3044E5025_22,1.4997764
3276,1kmN3044E5025_23,1.4917777
3277,1kmN3044E5025_24,1.8412826
3278,1kmN3044E5025_31,0.4785057
3279,1kmN3044E5025_32,0.29346198
3280,1kmN3044E5025_33,0.29346198
3282,1kmN3044E5025_41,0.6170048
3283,1kmN3044E5025_42,0.6092034
3284,1kmN3044E5025_43,0.29346198
3285,1kmN3044E5025_44,0.36216596
3286,1kmN3044E5026_11,1.4997764
3287,1kmN3044E5026_12,1.6842908
3288,1kmN3044E5026_13,1.5167445
3289,1kmN3044E5026_14,1.4369872
3290,1kmN3044E5026_21,1.5238212
3291,1kmN3044E5026_22,2.1019716
3292,1kmN3044E5026_23,1.8525363
3293,1kmN3044E5026_24,1.4997764
3294,1kmN3044E5026_31,0.54720974
3295,1kmN3044E5026_32,1.8525363
3296,1kmN3044E5026_33,2.075202
3297,1kmN3044E5026_34,1.4917777
3298,1kmN3044E5026_41,0.4785057
3301,1kmN3044E5026_44,0.29346198
3302,1kmN3044E5027_11,2.1019716
3303,1kmN3044E5027_12,1.5232627
3304,1kmN3044E5027_13,1.6243526
3305,1kmN3044E5027_14,2.075202
3306,1kmN3044E5027_23,1.8470397
3307,1kmN3044E5027_24,0.29346198
3308,1kmN3044E5027_31,1.1676273
3309,1kmN3044E5027_32,1.9481292
3310,1kmN3044E5027_33,1.6554569
3311,1kmN3044E5027_34,1.5238212
3312,1kmN3044E5027_41,1.8525363
3313,1kmN3044E5027_42,2.0008821
3314,1kmN3044E5027_43,1.4997764
3315,1kmN3044E5027_44,2.1019716
3316,1kmN3044E5028_11,1.657521
3317,1kmN3044E5028_12,1.4129422
3318,1kmN3044E5028_13,1.4129422
3319,1kmN3044E5028_14,1.4917777
3320,1kmN3044E5028_21,1.4997764
3321,1kmN3044E5028_22,2.1019716
3322,1kmN3044E5028_23,2.1019716
3323,1kmN3044E5028_24,2.1019716
3324,1kmN3044E5028_31,1.4049436
3325,1kmN3044E5028_32,1.7730676
3326,1kmN3044E5028_41,2.1019716
3327,1kmN3044E5028_42,1.6842908
3328,1kmN3044E5028_43,1.2883278
3329,1kmN3044E5028_44,2.030139
3330,1kmN3044E5029_11,1.0586662
3331,1kmN3044E5029_12,1.1676273
3333,1kmN3044E5029_14,1.4997764
3334,1kmN3044E5029_21,0.47568065
3336,1kmN3044E5029_23,1.6970217
3337,1kmN3044E5029_24,1.7401931
3338,1kmN3044E5029_31,2.075202
3339,1kmN3044E5029_32,2.5317361
3340,1kmN3044E5029_33,2.5317361
3341,1kmN3044E5029_34,1.4997764
3342,1kmN3044E5029_41,1.8525363
3343,1kmN3044E5029_42,1.1676273
3344,1kmN3044E5029_43,1.4049436
3345,1kmN3044E5029_44,1.4129422
3346,1kmN3044E5030_11,1.8953582
3347,1kmN3044E5030_12,1.4049436
3348,1kmN3044E5030_13,1.8470397
3349,1kmN3044E5030_14,1.4129422
3352,1kmN3044E5030_23,0.4785057
3353,1kmN3044E5030_24,0.9272865
3355,1kmN3044E5030_32,0.9738651
3356,1kmN3044E5030_33,1.4917777
3358,1kmN3044E5030_41,1.0106554
3361,1kmN3044E5030_44,1.4917777
3362,1kmN3044E5031_11,1.0586662
3363,1kmN3044E5031_12,0.30752933
3364,1kmN3044E5031_13,0.96407676
3365,1kmN3044E5031_14,1.8525363
3366,1kmN3044E5031_21,0.9738651
3367,1kmN3044E5031_22,1.657521
3368,1kmN3044E5031_23,1.7623037
3369,1kmN3044E5031_24,1.0586662
3370,1kmN3044E5031_31,0.96407676
3371,1kmN3044E5031_32,0.9738651
3374,1kmN3044E5031_41,1.5017518
3375,1kmN3044E5031_42,0.9489943
3377,1kmN3044E5031_44,2.0008821
3378,1kmN3044E5032_11,1.8525363
3379,1kmN3044E5032_12,1.657521
3380,1kmN3044E5032_13,1.6243526
3381,1kmN3044E5032_14,2.1019716
3382,1kmN3044E5032_21,1.4997764
3383,1kmN3044E5032_22,1.9741125
3384,1kmN3044E5032_23,1.0995569
3385,1kmN3044E5032_24,1.7623037
3386,1kmN3044E5032_31,1.0586662
3387,1kmN3044E5032_32,0.6170048
3388,1kmN3044E5032_33,1.1525669
3389,1kmN3044E5032_34,1.0106554
3390,1kmN3044E5032_41,1.0106554
3391,1kmN3044E5032_42,1.7401931
3392,1kmN3044E5032_43,1.4129422
3393,1kmN3044E5032_44,1.4997764
3395,1kmN3044E5033_12,1.0280812
3396,1kmN3044E5033_13,0.96407676
3398,1kmN3044E5033_21,0.29346198
3402,1kmN3044E5033_31,1.510379
3403,1kmN3044E5033_32,0.9738651
3404,1kmN3044E5033_33,2.0349007
3405,1kmN3044E5033_34,2.5317361
3406,1kmN3044E5033_41,0.9738651
3407,1kmN3044E5033_42,0.4785057
3408,1kmN3044E5033_43,1.6842908
3409,1kmN3044E5033_44,1.4385262
3410,1kmN3044E5034_11,2.1019716
3411,1kmN3044E5034_12,1.8412826
3412,1kmN3044E5034_13,1.4997764
3413,1kmN3044E5034_14,1.8412826
3414,1kmN3044E5034_21,1.4049436
3415,1kmN3044E5034_22,1.1676273
3416,1kmN3044E5034_23,0.4785057
3417,1kmN3044E5034_24,1.0586662
3418,1kmN3044E5034_31,0.4785057
3421,1kmN3044E5034_34,0.29346198
3426,1kmN3044E5035_11,1.5017518
3427,1kmN3044E5035_12,1.8470397
3428,1kmN3044E5035_13,1.0106554
3431,1kmN3044E5035_22,0.29346198
3432,1kmN3044E5035_23,1.0106554
3433,1kmN3044E5035_24,0.96407676
3434,1kmN3044E5035_31,1.0586662
3435,1kmN3044E5035_32,1.205394
3436,1kmN3044E5035_33,1.2634571
3437,1kmN3044E5035_34,1.0586662
3439,1kmN3044E5035_42,1.2883278
3440,1kmN3044E5035_43,2.1019716
3441,1kmN3044E5035_44,1.9857653
3442,1kmN3044E5036_11,1.8953582
3443,1kmN3044E5036_12,1.8846759
3444,1kmN3044E5036_13,1.9857653
3445,1kmN3044E5036_14,1.9528909
3448,1kmN3044E5036_23,0.9489943
3449,1kmN3044E5036_24,1.2883278
3451,1kmN3044E5036_32,1.0280812
3454,1kmN3044E5036_41,1.8846759
3455,1kmN3044E5036_42,1.8518014
3456,1kmN3044E5036_43,1.6842908
3457,1kmN3044E5036_44,1.2634571
3458,1kmN3044E5037_11,1.9857653
3459,1kmN3044E5037_12,1.9528909
3460,1kmN3044E5037_13,2.1019716
3461,1kmN3044E5037_14,2.1019716
3462,1kmN3044E5037_21,1.8525363
3463,1kmN3044E5037_22,1.0970705
3464,1kmN3044E5037_23,1.0810912
3465,1kmN3044E5037_24,1.8525363
3466,1kmN3044E5037_31,1.2634571
3467,1kmN3044E5037_32,0.96407676
3469,1kmN3044E5037_34,1.657521
3470,1kmN3044E5037_41,2.0008821
3471,1kmN3044E5037_42,2.1019716
3472,1kmN3044E5037_43,1.9857653
3473,1kmN3044E5037_44,2.1019716
3478,1kmN3044E5038_21,0.29346198
3482,1kmN3044E5038_31,0.29346198
3483,1kmN3044E5038_32,0.29346198
3484,1kmN3044E5038_33,0.96407676
3485,1kmN3044E5038_34,1.0280812
3486,1kmN3044E5038_41,0.29346198
3488,1kmN3044E5038_43,1.657521
3489,1kmN3044E5038_44,1.5232627
3492,1kmN3044E5039_13,0.29346198
3496,1kmN3044E5039_23,0.29346198
3498,1kmN3044E5039_31,0.29346198
3499,1kmN3044E5039_32,0.36216596
3501,1kmN3044E5039_34,0.29346198
3504,1kmN3044E5039_43,0.29346198
3516,1kmN3044E5040_33,0.29346198
3522,1kmN3044E5041_11,0.29346198
3541,1kmN3044E5042_14,0.4785057
3547,1kmN3044E5042_32,0.29346198
3548,1kmN3044E5042_33,0.29346198
3550,1kmN3044E5042_41,0.4785057
3551,1kmN3044E5042_42,0.29346198
3553,1kmN3044E5042_44,0.4785057
3571,1kmN3044E5044_12,0.29346198
3572,1kmN3044E5044_13,0.29346198
3573,1kmN3044E5044_14,0.29346198
3574,1kmN3044E5044_21,0.29346198
3575,1kmN3044E5044_22,0.29346198
3576,1kmN3044E5044_23,0.29346198
3577,1kmN3044E5044_24,0.29346198
3579,1kmN3044E5044_32,0.29346198
3580,1kmN3044E5044_33,0.29346198
3582,1kmN3044E5044_41,0.29346198
3590,1kmN3044E5045_21,0.29346198
3591,1kmN3044E5045_22,0.29346198
3592,1kmN3044E5045_23,0.29346198
3593,1kmN3044E5045_24,0.29346198
3595,1kmN3044E5045_32,0.29346198
3596,1kmN3044E5045_33,0.29346198
3598,1kmN3044E5045_41,0.29346198
3603,1kmN3044E5046_12,0.29346198
3611,1kmN3044E5046_32,0.29346198
3612,1kmN3044E5046_33,0.29346198
3613,1kmN3044E5046_34,0.29346198
3622,1kmN3044E5047_21,0.4785057
3623,1kmN3044E5047_22,0.49257305
3624,1kmN3044E5047_23,0.29346198
3625,1kmN3044E5047_24,0.29346198
3626,1kmN3044E5047_31,0.30752933
3627,1kmN3044E5047_32,0.29346198
3629,1kmN3044E5047_34,0.29346198
3632,1kmN3044E5047_43,0.29346198
3634,1kmN3044E5048_11,0.29346198
3635,1kmN3044E5048_12,0.30752933
3636,1kmN3044E5048_13,0.29346198
3637,1kmN3044E5048_14,0.29346198
3638,1kmN3044E5048_21,0.29346198
3640,1kmN3044E5048_23,0.29346198
3641,1kmN3044E5048_24,0.29346198
3642,1kmN3044E5048_31,0.4785057
3643,1kmN3044E5048_32,0.4785057
3644,1kmN3044E5048_33,0.4785057
3645,1kmN3044E5048_34,0.29346198
3646,1kmN3044E5048_41,0.29346198
3656,1kmN3044E5049_32,0.29346198
3657,1kmN3044E5049_33,0.29346198
3658,1kmN3044E5049_34,0.29346198
3661,1kmN3044E5049_43,0.29346198
3662,1kmN3044E5049_44,0.29346198
3665,1kmN3045E5023_32,0.29346198
3666,1kmN3045E5024_11,0.46477702
3667,1kmN3045E5024_12,0.29346198
3668,1kmN3045E5024_13,0.30752933
3669,1kmN3045E5024_14,0.29346198
3671,1kmN3045E5024_22,0.29346198
3672,1kmN3045E5024_23,0.29346198
3673,1kmN3045E5024_24,0.29346198
3677,1kmN3045E5025_11,0.9272865
3678,1kmN3045E5025_12,0.9205973
3679,1kmN3045E5025_13,0.96407676
3680,1kmN3045E5025_14,0.9205973
3681,1kmN3045E5025_21,0.47568065
3682,1kmN3045E5025_22,0.36216596
3683,1kmN3045E5025_23,0.30752933
3684,1kmN3045E5025_24,0.47568065
3685,1kmN3045E5025_31,0.6801328
3686,1kmN3045E5025_32,0.29346198
3687,1kmN3045E5025_33,0.29346198
3688,1kmN3045E5025_34,0.29346198
3689,1kmN3045E5025_41,0.38824233
3690,1kmN3045E5025_42,0.9272865
3691,1kmN3045E5025_43,0.29346198
3692,1kmN3045E5025_44,0.36216596
3693,1kmN3045E5026_11,1.2010357
3694,1kmN3045E5026_12,0.4785057
3696,1kmN3045E5026_14,1.1676273
3703,1kmN3045E5026_33,0.29346198
3704,1kmN3045E5026_34,0.9738651
3705,1kmN3045E5026_41,0.4785057
3706,1kmN3045E5026_42,0.29346198
3707,1kmN3045E5026_43,0.9738651
3708,1kmN3045E5026_44,0.6135617
3709,1kmN3045E5027_11,1.205394
3710,1kmN3045E5027_12,0.29346198
3711,1kmN3045E5027_13,0.96407676
3712,1kmN3045E5027_14,1.2010357
3713,1kmN3045E5027_21,1.4917777
3714,1kmN3045E5027_22,2.1019716
3715,1kmN3045E5027_23,2.1019716
3716,1kmN3045E5027_24,1.3363388
3717,1kmN3045E5027_31,0.6170048
3718,1kmN3045E5027_32,1.5232627
3719,1kmN3045E5027_33,1.0106554
3721,1kmN3045E5027_41,0.9738651
3722,1kmN3045E5027_42,1.4527223
3723,1kmN3045E5027_43,1.0106554
3724,1kmN3045E5027_44,1.4385262
3725,1kmN3045E5028_11,2.1019716
3726,1kmN3045E5028_12,2.0008821
3727,1kmN3045E5028_13,1.4369872
3728,1kmN3045E5028_14,2.1019716
3729,1kmN3045E5028_21,2.1019716
3730,1kmN3045E5028_22,2.1019716
3733,1kmN3045E5028_31,1.9857653
3734,1kmN3045E5028_32,1.8953582
3735,1kmN3045E5028_33,2.1019716
3736,1kmN3045E5028_34,1.4997764
3737,1kmN3045E5028_41,0.29346198
3738,1kmN3045E5028_42,0.6170048
3739,1kmN3045E5028_43,0.7549317
3740,1kmN3045E5028_44,1.4369872
3741,1kmN3045E5029_11,0.6135617
3742,1kmN3045E5029_12,1.8846759
3743,1kmN3045E5029_13,1.4997764
3744,1kmN3045E5029_14,1.2634571
3745,1kmN3045E5029_21,1.8953582
3746,1kmN3045E5029_22,2.1019716
3747,1kmN3045E5029_23,1.4917777
3748,1kmN3045E5029_24,1.9857653
3749,1kmN3045E5029_31,1.9481292
3750,1kmN3045E5029_32,2.1019716
3751,1kmN3045E5029_33,1.8412826
3752,1kmN3045E5029_34,2.1019716
3753,1kmN3045E5029_41,1.7670654
3755,1kmN3045E5029_43,1.9857653
3756,1kmN3045E5029_44,1.8412826
3757,1kmN3045E5030_11,1.9857653
3759,1kmN3045E5030_13,1.4049436
3760,1kmN3045E5030_14,1.8525363
3761,1kmN3045E5030_21,0.6170048
3762,1kmN3045E5030_22,1.4129422
3763,1kmN3045E5030_23,1.4917777
3764,1kmN3045E5030_24,1.5238212
3765,1kmN3045E5030_31,1.6842908
3766,1kmN3045E5030_32,1.9857653
3767,1kmN3045E5030_33,2.0407414
3768,1kmN3045E5030_34,2.1019716
3769,1kmN3045E5030_41,1.6269361
3770,1kmN3045E5030_42,1.8846759
3771,1kmN3045E5030_43,1.4997764
3772,1kmN3045E5030_44,1.0280812
3773,1kmN3045E5031_11,1.657521
3774,1kmN3045E5031_12,1.6269361
3775,1kmN3045E5031_13,1.4997764
3776,1kmN3045E5031_14,2.1019716
3777,1kmN3045E5031_21,1.7623037
3778,1kmN3045E5031_22,1.6071833
3779,1kmN3045E5031_23,1.6842908
3780,1kmN3045E5031_24,1.9481292
3781,1kmN3045E5031_31,1.9481292
3782,1kmN3045E5031_32,1.9741125
3783,1kmN3045E5031_33,2.0008821
3784,1kmN3045E5031_34,1.5238212
3785,1kmN3045E5031_41,2.5317361
3786,1kmN3045E5031_42,1.4997764
3787,1kmN3045E5031_43,1.4917777
3788,1kmN3045E5031_44,1.4917777
3789,1kmN3045E5032_11,1.4917777
3792,1kmN3045E5032_14,0.9489943
3793,1kmN3045E5032_21,1.6269361
3794,1kmN3045E5032_22,0.9272865
3795,1kmN3045E5032_23,2.1019716
3796,1kmN3045E5032_24,1.0423019
3797,1kmN3045E5032_31,1.0586662
3798,1kmN3045E5032_32,2.0008821
3799,1kmN3045E5032_33,2.1019716
3800,1kmN3045E5032_34,1.6554569
3801,1kmN3045E5032_41,1.8412826
3802,1kmN3045E5032_42,1.4917777
3803,1kmN3045E5032_43,1.0586662
3804,1kmN3045E5032_44,1.6554569
3806,1kmN3045E5033_12,1.0280812
3808,1kmN3045E5033_14,0.9489943
3814,1kmN3045E5033_32,0.29346198
3816,1kmN3045E5033_34,0.96407676
3819,1kmN3045E5033_43,1.0280812
3821,1kmN3045E5034_11,1.8525363
3822,1kmN3045E5034_12,1.8846759
3823,1kmN3045E5034_13,1.2883278
3824,1kmN3045E5034_14,1.2883278
3825,1kmN3045E5034_21,1.4997764
3826,1kmN3045E5034_22,1.9857653
3827,1kmN3045E5034_23,1.4129422
3829,1kmN3045E5034_31,1.8846759
3832,1kmN3045E5034_34,0.9205973
3833,1kmN3045E5034_41,1.0586662
3834,1kmN3045E5034_42,1.6842908
3835,1kmN3045E5034_43,0.96407676
3837,1kmN3045E5035_11,2.1019716
3838,1kmN3045E5035_12,1.8846759
3839,1kmN3045E5035_13,1.6842908
3840,1kmN3045E5035_14,1.9481292
3841,1kmN3045E5035_21,2.075202
3843,1kmN3045E5035_23,1.0106554
3844,1kmN3045E5035_24,1.8846759
3845,1kmN3045E5035_31,1.8518014
3846,1kmN3045E5035_32,1.4129422
3847,1kmN3045E5035_33,1.8846759
3848,1kmN3045E5035_34,1.657521
3849,1kmN3045E5035_41,2.075202
3850,1kmN3045E5035_42,1.8953582
3851,1kmN3045E5035_43,1.8953582
3853,1kmN3045E5036_11,1.6537058
3854,1kmN3045E5036_12,1.9857653
3855,1kmN3045E5036_13,1.8518014
3856,1kmN3045E5036_14,0.9738651
3857,1kmN3045E5036_21,2.0008821
3858,1kmN3045E5036_22,2.1019716
3859,1kmN3045E5036_23,1.8412826
3860,1kmN3045E5036_24,1.8846759
3861,1kmN3045E5036_31,1.6842908
3862,1kmN3045E5036_32,1.8685884
3863,1kmN3045E5036_33,1.2883278
3864,1kmN3045E5036_34,1.8846759
3865,1kmN3045E5036_41,1.6554569
3866,1kmN3045E5036_42,2.0008821
3867,1kmN3045E5036_43,2.0008821
3868,1kmN3045E5036_44,1.8953582
3871,1kmN3045E5037_13,1.0586662
3872,1kmN3045E5037_14,1.0106554
3873,1kmN3045E5037_21,1.2883278
3874,1kmN3045E5037_22,1.8953582
3875,1kmN3045E5037_23,2.1019716
3876,1kmN3045E5037_24,1.8846759
3877,1kmN3045E5037_31,1.9741125
3878,1kmN3045E5037_32,1.6243526
3879,1kmN3045E5037_33,2.3944201
3880,1kmN3045E5037_34,1.9741125
3881,1kmN3045E5037_41,1.0106554
3882,1kmN3045E5037_42,1.8525363
3883,1kmN3045E5037_43,2.075202
3884,1kmN3045E5037_44,1.2634571
3888,1kmN3045E5038_14,0.36216596
3893,1kmN3045E5038_31,0.29346198
3894,1kmN3045E5038_32,0.29346198
3895,1kmN3045E5038_33,1.4049436
3897,1kmN3045E5038_41,0.47568065
3898,1kmN3045E5038_42,0.29346198
3900,1kmN3045E5038_44,0.29346198
3938,1kmN3045E5041_22,0.29346198
3939,1kmN3045E5041_23,0.29346198
3953,1kmN3045E5042_21,0.29346198
3955,1kmN3045E5042_23,0.4785057
3956,1kmN3045E5042_24,0.4785057
3957,1kmN3045E5042_31,0.4785057
3958,1kmN3045E5042_32,0.29346198
3959,1kmN3045E5042_33,0.4785057
3969,1kmN3045E5043_21,0.29346198
3970,1kmN3045E5043_22,0.29346198
3983,1kmN3045E5044_13,0.29346198
3984,1kmN3045E5044_14,0.29346198
3985,1kmN3045E5044_21,0.29346198
3987,1kmN3045E5044_23,0.29346198
3988,1kmN3045E5044_24,0.29346198
3989,1kmN3045E5044_31,0.29346198
3990,1kmN3045E5044_32,0.29346198
3991,1kmN3045E5044_33,0.29346198
3992,1kmN3045E5044_34,0.29346198
3993,1kmN3045E5044_41,0.29346198
3994,1kmN3045E5044_42,0.29346198
3997,1kmN3045E5045_11,0.29346198
3998,1kmN3045E5045_12,0.36216596
3999,1kmN3045E5045_13,0.29346198
4000,1kmN3045E5045_14,0.30752933
4006,1kmN3045E5045_32,0.29346198
4012,1kmN3045E5045_44,0.29346198
4013,1kmN3045E5046_11,0.29346198
4014,1kmN3045E5046_12,0.29346198
4015,1kmN3045E5046_13,0.29346198
4016,1kmN3045E5046_14,0.29346198
4021,1kmN3045E5046_31,0.36216596
4022,1kmN3045E5046_32,0.29346198
4025,1kmN3045E5046_41,0.29346198
4026,1kmN3045E5046_42,0.29346198
4027,1kmN3045E5046_43,0.36216596
4028,1kmN3045E5046_44,0.29346198
4029,1kmN3045E5047_11,0.29346198
4030,1kmN3045E5047_12,0.29346198
4033,1kmN3045E5047_21,0.29346198
4046,1kmN3045E5048_21,0.29346198
4048,1kmN3045E5048_23,0.29346198
4049,1kmN3045E5048_24,0.29346198
4050,1kmN3045E5048_31,0.30752933
4051,1kmN3045E5048_32,0.29346198
4052,1kmN3045E5048_33,0.29346198
4053,1kmN3045E5048_34,0.29346198
4055,1kmN3045E5048_42,0.29346198
4065,1kmN3046E5024_21,1.0059898
4066,1kmN3046E5024_22,0.46715912
4067,1kmN3046E5024_23,0.29346198
4068,1kmN3046E5024_24,0.34809864
4073,1kmN3046E5025_13,0.9205973
4074,1kmN3046E5025_14,0.29346198
4075,1kmN3046E5025_21,0.9205973
4076,1kmN3046E5025_22,0.9272865
4077,1kmN3046E5025_23,0.6801328
4078,1kmN3046E5025_24,0.3741055
4079,1kmN3046E5025_31,0.29346198
4080,1kmN3046E5025_32,0.44108272
4081,1kmN3046E5025_33,0.29346198
4083,1kmN3046E5025_41,0.38824233
4084,1kmN3046E5025_42,0.30752933
4092,1kmN3046E5026_22,0.29346198
4093,1kmN3046E5026_23,0.29346198
4096,1kmN3046E5026_32,0.29346198
4097,1kmN3046E5026_33,0.6801328
4098,1kmN3046E5026_34,0.29346198
4103,1kmN3046E5027_11,1.5238212
4104,1kmN3046E5027_12,0.29346198
4105,1kmN3046E5027_13,1.4917777
4107,1kmN3046E5027_21,1.4917777
4108,1kmN3046E5027_22,0.6801328
4109,1kmN3046E5027_23,1.2010357
4110,1kmN3046E5027_24,1.5238212
4111,1kmN3046E5027_31,0.29346198
4112,1kmN3046E5027_32,0.29346198
4115,1kmN3046E5027_41,0.36216596
4116,1kmN3046E5027_42,0.29346198
4118,1kmN3046E5027_44,0.29346198
4119,1kmN3046E5028_11,0.46477702
4120,1kmN3046E5028_12,0.4785057
4122,1kmN3046E5028_14,0.9738651
4123,1kmN3046E5028_21,1.4049436
4124,1kmN3046E5028_22,0.9205973
4125,1kmN3046E5028_23,1.4917777
4126,1kmN3046E5028_24,1.4049436
4129,1kmN3046E5028_33,1.4129422
4132,1kmN3046E5029_11,0.4785057
4133,1kmN3046E5029_12,0.29346198
4136,1kmN3046E5029_21,1.0106554
4137,1kmN3046E5029_22,0.4785057
4138,1kmN3046E5029_23,1.0995569
4139,1kmN3046E5029_24,1.2883278
4140,1kmN3046E5029_31,1.3199743
4141,1kmN3046E5029_32,1.6842908
4142,1kmN3046E5029_33,1.6243526
4143,1kmN3046E5029_34,1.5238212
4146,1kmN3046E5029_43,0.4785057
4148,1kmN3046E5030_11,1.0586662
4149,1kmN3046E5030_12,1.8846759
4150,1kmN3046E5030_13,1.2883278
4151,1kmN3046E5030_14,1.0586662
4152,1kmN3046E5030_21,1.8412826
4153,1kmN3046E5030_22,1.8412826
4154,1kmN3046E5030_23,2.0008821
4155,1kmN3046E5030_24,1.8525363
4156,1kmN3046E5030_31,1.657521
4157,1kmN3046E5030_32,1.0106554
4158,1kmN3046E5030_33,0.6801328
4159,1kmN3046E5030_34,1.6537058
4160,1kmN3046E5030_41,0.9489943
4161,1kmN3046E5030_42,0.9489943
4162,1kmN3046E5030_43,0.29346198
4163,1kmN3046E5030_44,0.49257305
4164,1kmN3046E5031_11,1.4917777
4165,1kmN3046E5031_12,1.8412826
4166,1kmN3046E5031_13,1.4049436
4167,1kmN3046E5031_14,2.0008821
4168,1kmN3046E5031_21,1.6537058
4169,1kmN3046E5031_22,1.0280812
4170,1kmN3046E5031_23,2.075202
4171,1kmN3046E5031_24,1.9857653
4172,1kmN3046E5031_31,1.4917777
4173,1kmN3046E5031_32,1.5238212
4174,1kmN3046E5031_33,2.5317361
4176,1kmN3046E5031_41,1.4917777
4177,1kmN3046E5031_42,1.4049436
4178,1kmN3046E5031_43,1.7401931
4179,1kmN3046E5031_44,2.1019716
4181,1kmN3046E5032_12,1.4997764
4182,1kmN3046E5032_13,0.5331424
4184,1kmN3046E5032_21,1.6243526
4185,1kmN3046E5032_22,1.4997764
4186,1kmN3046E5032_23,2.075202
4187,1kmN3046E5032_24,1.0586662
4188,1kmN3046E5032_31,1.2883278
4189,1kmN3046E5032_32,2.1019716
4190,1kmN3046E5032_33,0.9738651
4191,1kmN3046E5032_34,1.6842908
4193,1kmN3046E5032_42,1.6243526
4194,1kmN3046E5032_43,2.1019716
4195,1kmN3046E5032_44,0.9272865
4196,1kmN3046E5033_11,1.4997764
4197,1kmN3046E5033_12,1.8525363
4198,1kmN3046E5033_13,2.1019716
4199,1kmN3046E5033_14,1.5238212
4200,1kmN3046E5033_21,1.657521
4201,1kmN3046E5033_22,1.2234323
4202,1kmN3046E5033_23,2.1019716
4203,1kmN3046E5033_31,2.1019716
4204,1kmN3046E5033_32,1.4917777
4205,1kmN3046E5033_33,1.4917777
4206,1kmN3046E5033_34,2.0407414
4207,1kmN3046E5033_41,2.0078669
4208,1kmN3046E5033_42,2.1019716
4209,1kmN3046E5033_43,1.4997764
4210,1kmN3046E5033_44,1.4997764
4211,1kmN3046E5034_11,1.8953582
4212,1kmN3046E5034_12,1.8953582
4213,1kmN3046E5034_13,2.075202
4214,1kmN3046E5034_14,1.7449548
4215,1kmN3046E5034_21,1.8525363
4216,1kmN3046E5034_22,2.0008821
4217,1kmN3046E5034_23,1.8525363
4218,1kmN3046E5034_24,1.4049436
4219,1kmN3046E5034_31,1.6842908
4221,1kmN3046E5034_33,1.8525363
4222,1kmN3046E5034_34,1.8525363
4223,1kmN3046E5034_41,2.0008821
4224,1kmN3046E5034_42,1.8846759
4225,1kmN3046E5034_43,1.8518014
4226,1kmN3046E5034_44,1.8953582
4227,1kmN3046E5035_11,1.8846759
4228,1kmN3046E5035_12,1.4917777
4230,1kmN3046E5035_14,1.8846759
4231,1kmN3046E5035_21,1.8953582
4232,1kmN3046E5035_22,2.1019716
4233,1kmN3046E5035_23,2.0008821
4234,1kmN3046E5035_24,2.1019716
4235,1kmN3046E5035_31,2.0008821
4236,1kmN3046E5035_32,2.0008821
4237,1kmN3046E5035_33,2.1019716
4238,1kmN3046E5035_34,1.9481292
4240,1kmN3046E5035_42,1.4129422
4241,1kmN3046E5035_43,2.1019716
4242,1kmN3046E5035_44,1.6243526
4247,1kmN3046E5036_21,0.29346198
4248,1kmN3046E5036_22,0.9489943
4249,1kmN3046E5036_23,1.0586662
4250,1kmN3046E5036_24,0.29346198
4251,1kmN3046E5036_31,0.54720974
4252,1kmN3046E5036_32,1.8953582
4253,1kmN3046E5036_33,1.4129422
4254,1kmN3046E5036_34,1.2540174
4255,1kmN3046E5036_41,0.29346198
4256,1kmN3046E5036_42,0.4785057
4257,1kmN3046E5036_43,1.2883278
4258,1kmN3046E5036_44,0.29346198
4260,1kmN3046E5037_12,1.1676273
4261,1kmN3046E5037_13,0.4785057
4262,1kmN3046E5037_14,0.4785057
4263,1kmN3046E5037_21,0.4785057
4264,1kmN3046E5037_22,0.47568065
4265,1kmN3046E5037_23,0.29346198
4266,1kmN3046E5037_24,0.4785057
4267,1kmN3046E5037_31,0.29346198
4268,1kmN3046E5037_32,0.29346198
4269,1kmN3046E5037_33,0.4785057
4270,1kmN3046E5037_34,0.29346198
4271,1kmN3046E5037_41,0.29346198
4272,1kmN3046E5037_42,0.36216596
4281,1kmN3046E5038_23,0.29346198
4283,1kmN3046E5038_31,0.29346198
4284,1kmN3046E5038_32,0.46715912
4285,1kmN3046E5038_33,0.6801328
4287,1kmN3046E5038_41,1.1676273
4289,1kmN3046E5038_43,1.4049436
4290,1kmN3046E5038_44,0.4785057
4371,1kmN3046E5044_11,0.29346198
4376,1kmN3046E5044_22,0.29346198
4377,1kmN3046E5044_23,0.29346198
4387,1kmN3046E5045_11,0.29346198
4388,1kmN3046E5045_12,0.29346198
4389,1kmN3046E5045_13,0.29346198
4390,1kmN3046E5045_14,0.29346198
4391,1kmN3046E5045_21,0.29346198
4392,1kmN3046E5045_22,0.29346198
4393,1kmN3046E5045_23,0.29346198
4394,1kmN3046E5045_24,0.29346198
4395,1kmN3046E5045_31,0.29346198
4396,1kmN3046E5045_32,0.29346198
4397,1kmN3046E5045_33,0.29346198
4401,1kmN3046E5045_43,0.29346198
4402,1kmN3046E5045_44,0.29346198
4403,1kmN3046E5046_11,0.29346198
4405,1kmN3046E5046_13,0.29346198
4406,1kmN3046E5046_14,0.29346198
4411,1kmN3046E5046_31,0.29346198
4414,1kmN3046E5046_34,0.29346198
4415,1kmN3046E5046_41,0.29346198
4416,1kmN3046E5046_42,0.29346198
4417,1kmN3046E5046_43,0.29346198
4422,1kmN3046E5047_14,0.29346198
4424,1kmN3046E5047_22,0.29346198
4431,1kmN3046E5047_41,0.29346198
4434,1kmN3046E5047_44,0.30752933
4442,1kmN3047E5025_21,0.29346198
4454,1kmN3047E5026_11,0.29346198
4455,1kmN3047E5026_12,0.47568065
4456,1kmN3047E5026_13,0.36216596
4457,1kmN3047E5026_14,0.9205973
4458,1kmN3047E5026_21,0.47568065
4459,1kmN3047E5026_22,0.29346198
4460,1kmN3047E5026_23,0.29346198
4461,1kmN3047E5026_24,0.36216596
4462,1kmN3047E5026_31,0.29346198
4465,1kmN3047E5026_34,0.30752933
4466,1kmN3047E5026_41,0.47568065
4467,1kmN3047E5026_42,0.46715912
4468,1kmN3047E5026_43,0.29346198
4469,1kmN3047E5026_44,0.29346198
4470,1kmN3047E5027_23,0.29346198
4471,1kmN3047E5027_24,0.29346198
4472,1kmN3047E5027_31,0.29346198
4473,1kmN3047E5027_32,0.29346198
4474,1kmN3047E5027_33,0.38824233
4475,1kmN3047E5027_34,0.9272865
4476,1kmN3047E5027_41,0.29346198
4477,1kmN3047E5027_42,0.29346198
4478,1kmN3047E5027_43,0.29346198
4479,1kmN3047E5027_44,0.36216596
4481,1kmN3047E5028_13,0.30752933
4483,1kmN3047E5029_11,0.30752933
4484,1kmN3047E5029_12,0.9205973
4485,1kmN3047E5029_13,0.29346198
4487,1kmN3047E5029_21,0.9738651
4488,1kmN3047E5029_22,0.6092034
4489,1kmN3047E5029_23,0.29346198
4490,1kmN3047E5029_24,0.47568065
4499,1kmN3047E5030_11,0.30752933
4500,1kmN3047E5030_12,0.29346198
4504,1kmN3047E5030_22,0.9489943
4507,1kmN3047E5030_31,0.4785057
4508,1kmN3047E5030_32,0.4785057
4509,1kmN3047E5030_33,0.9205973
4510,1kmN3047E5030_34,0.9489943
4514,1kmN3047E5030_44,0.29346198
4520,1kmN3047E5031_23,1.8953582
4521,1kmN3047E5031_24,1.0106554
4523,1kmN3047E5031_32,1.7401931
4524,1kmN3047E5031_33,1.6554569
4526,1kmN3047E5031_41,0.29346198
4527,1kmN3047E5031_42,0.96407676
4528,1kmN3047E5031_43,0.29346198
4529,1kmN3047E5031_44,0.38824233
4542,1kmN3047E5033_11,0.4785057
4545,1kmN3047E5033_14,0.29346198
4546,1kmN3047E5033_21,1.4997764
4547,1kmN3047E5033_22,2.1019716
4548,1kmN3047E5033_23,1.0586662
4549,1kmN3047E5033_24,1.4997764
4551,1kmN3047E5033_32,1.4917777
4554,1kmN3047E5033_41,0.4785057
4555,1kmN3047E5033_42,0.4785057
4556,1kmN3047E5033_43,0.29346198
4557,1kmN3047E5034_11,1.8525363
4558,1kmN3047E5034_12,2.1019716
4559,1kmN3047E5034_13,2.1019716
4561,1kmN3047E5034_21,2.0008821
4562,1kmN3047E5034_22,2.0008821
4563,1kmN3047E5034_23,1.8953582
4564,1kmN3047E5034_24,1.8525363
4565,1kmN3047E5034_31,1.2883278
4566,1kmN3047E5034_32,2.0008821
4567,1kmN3047E5034_33,1.8846759
4568,1kmN3047E5034_34,1.2883278
4570,1kmN3047E5034_42,1.657521
4575,1kmN3047E5035_13,1.0280812
4577,1kmN3047E5035_21,0.9489943
4578,1kmN3047E5035_22,1.4369872
4579,1kmN3047E5035_23,1.7778293
4580,1kmN3047E5035_24,1.8953582
4581,1kmN3047E5035_31,2.0008821
4582,1kmN3047E5035_32,1.9857653
4583,1kmN3047E5035_33,2.0008821
4584,1kmN3047E5035_34,2.0008821
4586,1kmN3047E5035_42,1.6537058
4587,1kmN3047E5035_43,1.9857653
4588,1kmN3047E5035_44,1.4917777
4593,1kmN3047E5036_21,1.205394
4594,1kmN3047E5036_22,1.2634571
4595,1kmN3047E5036_23,0.29346198
4596,1kmN3047E5036_24,0.29346198
4597,1kmN3047E5036_31,0.29346198
4598,1kmN3047E5036_32,0.29346198
4599,1kmN3047E5036_33,0.29346198
4605,1kmN3047E5037_11,0.29346198
4606,1kmN3047E5037_12,1.2234323
4607,1kmN3047E5037_13,0.4785057
4609,1kmN3047E5037_21,1.6537058
4610,1kmN3047E5037_22,1.8525363
4611,1kmN3047E5037_23,0.6170048
4612,1kmN3047E5037_24,0.9489943
4613,1kmN3047E5037_31,1.2883278
4614,1kmN3047E5037_32,1.4129422
4615,1kmN3047E5037_33,1.4129422
4616,1kmN3047E5037_34,0.9738651
4618,1kmN3047E5037_42,1.4156547
4619,1kmN3047E5037_43,1.4129422
4621,1kmN3047E5038_11,0.47568065
4622,1kmN3047E5038_12,0.36216596
4623,1kmN3047E5038_13,1.1116762
4624,1kmN3047E5038_14,0.36216596
4628,1kmN3047E5038_24,1.0586662
4629,1kmN3047E5038_31,1.6537058
4630,1kmN3047E5038_32,1.8470397
4631,1kmN3047E5038_33,1.4129422
4632,1kmN3047E5038_34,1.6842908
4633,1kmN3047E5038_41,1.0280812
4634,1kmN3047E5038_42,1.2540174
4635,1kmN3047E5038_43,1.0586662
4637,1kmN3047E5039_11,0.29346198
4638,1kmN3047E5039_12,0.30752933
4639,1kmN3047E5039_13,0.30752933
4640,1kmN3047E5039_14,0.43870062
4641,1kmN3047E5039_21,0.46715912
4642,1kmN3047E5039_22,0.29346198
4643,1kmN3047E5039_23,0.29346198
4644,1kmN3047E5039_24,0.36216596
4645,1kmN3047E5039_31,0.36216596
4646,1kmN3047E5039_32,0.29346198
4648,1kmN3047E5039_34,0.29346198
4649,1kmN3047E5039_41,0.46715912
4650,1kmN3047E5039_42,0.29346198
4651,1kmN3047E5039_43,0.47568065
4652,1kmN3047E5039_44,0.47568065
4653,1kmN3047E5040_11,0.29346198
4654,1kmN3047E5040_12,0.29346198
4655,1kmN3047E5040_13,0.29346198
4656,1kmN3047E5040_14,0.36216596
4664,1kmN3047E5040_34,0.30752933
4665,1kmN3047E5040_41,0.29346198
4666,1kmN3047E5040_42,0.29346198
4667,1kmN3047E5040_43,0.36216596
4668,1kmN3047E5040_44,0.29346198
4682,1kmN3047E5041_42,0.29346198
4683,1kmN3047E5041_43,0.29346198
4684,1kmN3047E5041_44,0.29346198
4697,1kmN3047E5042_41,0.29346198
4701,1kmN3047E5043_11,0.29346198
4713,1kmN3047E5043_41,0.29346198
4719,1kmN3047E5044_13,0.8945209
4721,1kmN3047E5044_21,0.29346198
4722,1kmN3047E5044_22,0.29346198
4723,1kmN3047E5044_23,0.29346198
4724,1kmN3047E5044_24,0.29346198
4725,1kmN3047E5044_31,0.29346198
4730,1kmN3047E5044_42,0.29346198
4732,1kmN3047E5044_44,0.29346198
4734,1kmN3047E5045_12,0.29346198
4737,1kmN3047E5045_21,0.29346198
4738,1kmN3047E5045_22,0.29346198
4744,1kmN3047E5045_34,0.29346198
4749,1kmN3047E5046_11,0.29346198
4750,1kmN3047E5046_12,0.29346198
4751,1kmN3047E5046_13,0.29346198
4752,1kmN3047E5046_14,0.38824233
4757,1kmN3047E5046_31,0.29346198
4758,1kmN3047E5046_32,0.29346198
4759,1kmN3047E5046_33,0.29346198
4761,1kmN3047E5046_41,0.29346198
4762,1kmN3047E5046_42,0.29346198
4763,1kmN3047E5046_43,0.29346198
4766,1kmN3047E5047_23,0.29346198
4769,1kmN3047E5047_32,0.29346198
4770,1kmN3047E5047_33,0.29346198
4773,1kmN3047E5047_43,0.29346198
4775,1kmN3048E5025_12,0.29346198
4788,1kmN3048E5026_22,0.29346198
4789,1kmN3048E5026_23,0.29346198
4792,1kmN3048E5026_32,0.29346198
4793,1kmN3048E5026_33,0.29346198
4800,1kmN3048E5027_33,0.29346198
4803,1kmN3048E5028_23,0.29346198
4806,1kmN3048E5029_13,0.29346198
4810,1kmN3048E5029_24,0.29346198
4820,1kmN3048E5033_22,0.4785057
4824,1kmN3048E5034_33,0.29346198
4831,1kmN3048E5036_21,0.29346198
4832,1kmN3048E5036_22,0.29346198
4833,1kmN3048E5036_23,0.29346198
4834,1kmN3048E5036_24,0.29346198
4840,1kmN3048E5037_11,0.29346198
4841,1kmN3048E5037_12,0.29346198
4842,1kmN3048E5037_13,0.29346198
4843,1kmN3048E5037_14,0.29346198
4844,1kmN3048E5037_21,0.29346198
4851,1kmN3048E5037_34,0.9205973
4852,1kmN3048E5037_42,0.29346198
4853,1kmN3048E5037_43,1.0280812
4854,1kmN3048E5038_11,0.29346198
4856,1kmN3048E5038_13,0.29346198
4859,1kmN3048E5038_22,0.36216596
4860,1kmN3048E5038_23,0.29346198
4862,1kmN3048E5038_31,0.29346198
4863,1kmN3048E5038_32,0.36216596
4864,1kmN3048E5038_33,0.29346198
4865,1kmN3048E5038_34,0.29346198
4868,1kmN3048E5038_43,0.29346198
4872,1kmN3048E5039_13,0.29346198
4873,1kmN3048E5039_14,0.29346198
4875,1kmN3048E5039_22,0.29346198
4876,1kmN3048E5039_23,0.29346198
4878,1kmN3048E5039_31,0.46715912
4879,1kmN3048E5039_32,0.47568065
4880,1kmN3048E5039_33,0.45302233
4881,1kmN3048E5039_34,0.46477702
4882,1kmN3048E5039_41,0.29346198
4883,1kmN3048E5039_42,0.44108272
4884,1kmN3048E5039_43,0.29346198
4885,1kmN3048E5039_44,0.29346198
4892,1kmN3048E5040_23,0.29346198
4894,1kmN3048E5040_31,0.29346198
4895,1kmN3048E5040_32,0.36216596
4902,1kmN3048E5041_11,0.29346198
4903,1kmN3048E5041_12,0.29346198
4904,1kmN3048E5041_13,0.29346198
4905,1kmN3048E5041_14,0.30752933
4907,1kmN3048E5041_22,0.29346198
4918,1kmN3048E5042_11,0.29346198
4919,1kmN3048E5042_12,0.4785057
4920,1kmN3048E5042_13,0.29346198
4921,1kmN3048E5042_14,0.30752933
4922,1kmN3048E5042_21,0.54720974
4923,1kmN3048E5042_22,0.4785057
4924,1kmN3048E5042_23,0.36216596
4925,1kmN3048E5042_24,0.29346198
4926,1kmN3048E5042_31,0.36216596
4927,1kmN3048E5042_32,0.29346198
4929,1kmN3048E5042_34,0.29346198
4931,1kmN3048E5042_42,0.29346198
4932,1kmN3048E5042_43,0.29346198
4933,1kmN3048E5042_44,0.29346198
4942,1kmN3048E5043_31,0.4785057
4943,1kmN3048E5043_32,0.4785057
4944,1kmN3048E5043_33,0.4785057
4945,1kmN3048E5043_34,0.96407676
4947,1kmN3048E5043_42,0.4785057
4948,1kmN3048E5043_43,0.4785057
4956,1kmN3048E5044_23,0.29346198
4957,1kmN3048E5044_24,0.29346198
4958,1kmN3048E5044_31,0.29346198
4959,1kmN3048E5044_32,0.29346198
4960,1kmN3048E5044_33,0.29346198
4982,1kmN3048E5046_11,0.29346198
4983,1kmN3048E5046_12,0.29346198
4985,1kmN3048E5046_14,0.29346198
4987,1kmN3048E5046_22,0.29346198
4988,1kmN3048E5046_23,0.30752933
4990,1kmN3048E5046_31,0.29346198
4991,1kmN3048E5046_32,0.36216596
4992,1kmN3048E5046_33,0.29346198
4995,1kmN3048E5046_42,0.29346198
5003,1kmN3048E5047_33,0.29346198
5004,1kmN3048E5047_34,0.29346198
5005,1kmN3048E5047_41,0.29346198
5007,1kmN3048E5047_43,0.29346198
5008,1kmN3048E5047_44,0.29346198
5009,1kmN3049E5026_23,0.29346198
5010,1kmN3049E5026_32,0.29346198
5011,1kmN3049E5026_33,0.29346198
5013,1kmN3049E5037_21,0.29346198
5014,1kmN3049E5037_22,0.30752933
5015,1kmN3049E5037_23,0.29346198
5016,1kmN3049E5038_21,0.29346198
5022,1kmN3049E5038_33,0.29346198
5023,1kmN3049E5038_34,0.29346198
5024,1kmN3049E5039_21,0.29346198
5025,1kmN3049E5039_22,0.29346198
5026,1kmN3049E5039_23,0.29346198
5027,1kmN3049E5039_33,0.29346198
5028,1kmN3049E5039_34,0.29346198
5029,1kmN3049E5040_11,0.29346198
5043,1kmN3049E5041_11,0.29346198
5044,1kmN3049E5041_12,0.29346198
5045,1kmN3049E5041_13,0.29346198
5046,1kmN3049E5041_14,0.29346198
5047,1kmN3049E5041_21,0.30752933
5048,1kmN3049E5041_22,0.29346198
5049,1kmN3049E5041_23,0.38824233
5050,1kmN3049E5041_24,0.36216596
5051,1kmN3049E5041_31,0.30752933
5052,1kmN3049E5041_32,0.29346198
5053,1kmN3049E5041_33,0.29346198
5054,1kmN3049E5041_34,0.29346198
5055,1kmN3049E5041_41,0.29346198
5056,1kmN3049E5041_42,0.29346198
5057,1kmN3049E5041_43,0.29346198
5058,1kmN3049E5041_44,0.29346198
5061,1kmN3049E5042_23,0.30752933
5062,1kmN3049E5042_24,0.29346198
5063,1kmN3049E5042_31,0.36216596
5064,1kmN3049E5042_32,0.29346198
5065,1kmN3049E5042_33,0.29346198
5066,1kmN3049E5042_34,0.29346198
5067,1kmN3049E5042_42,0.29346198
5068,1kmN3049E5042_43,0.36216596
5069,1kmN3049E5042_44,0.29346198
5073,1kmN3049E5043_24,0.29346198
5074,1kmN3049E5043_31,0.29346198
5078,1kmN3049E5044_11,0.29346198
5080,1kmN3049E5044_13,0.29346198
5081,1kmN3049E5044_14,0.29346198
5084,1kmN3049E5044_23,0.29346198
5085,1kmN3049E5044_24,0.29346198
5094,1kmN3049E5045_11,0.29346198
5095,1kmN3049E5045_12,0.29346198
5096,1kmN3049E5045_13,0.29346198
5098,1kmN3049E5045_21,0.29346198
5101,1kmN3049E5045_24,0.29346198
5102,1kmN3049E5045_31,0.29346198
5104,1kmN3049E5045_33,0.29346198
5115,1kmN3049E5046_22,0.29346198
5116,1kmN3049E5046_23,0.29346198
5117,1kmN3049E5046_24,0.29346198
5118,1kmN3049E5046_31,0.29346198
5119,1kmN3049E5046_32,0.29346198
5120,1kmN3049E5046_33,0.29346198
5121,1kmN3049E5046_34,0.29346198
5124,1kmN3049E5046_43,0.29346198
5125,1kmN3049E5046_44,0.29346198
5128,1kmN3049E5047_32,0.29346198
5137,1kmN3050E5040_24,0.29346198
5139,1kmN3050E5041_23,0.29346198
5140,1kmN3050E5041_32,0.29346198
5142,1kmN3050E5042_33,0.29346198
5145,1kmN3050E5044_13,0.29346198
5148,1kmN3050E5044_22,0.29346198
5149,1kmN3050E5044_23,0.29346198
5150,1kmN3050E5044_24,0.29346198
5158,1kmN3050E5045_21,0.29346198
5170,1kmN3050E5046_11,0.29346198
5171,1kmN3050E5046_12,0.30752933
5172,1kmN3050E5046_13,0.30752933
5173,1kmN3050E5046_14,0.29346198
5174,1kmN3050E5046_21,0.29346198
5177,1kmN3050E5046_24,0.29346198
5178,1kmN3050E5046_31,0.29346198
5179,1kmN3050E5046_32,0.29346198
5180,1kmN3050E5046_33,0.29346198
5181,1kmN3050E5046_34,0.29346198
5183,1kmN3050E5046_42,0.29346198
5193,1kmN3050E5047_31,0.29346198
5198,1kmN3050E5047_42,0.29346198
5199,1kmN3050E5047_43,0.29346198
5200,1kmN3050E5047_44,0.30752933
